STOCHASTIC,MQTBench,twolocalrandom_nativegates_ibm_qiskit_opt1_50.qasm,sycamore.txt,50,213,4475,3675,4350,29258,28458,8261,0,10.299596309661865,175076
STOCHASTIC,MQTBench,twolocalrandom_nativegates_ibm_qiskit_opt1_50.qasm,sycamore.txt,50,213,4475,3675,4531,30365,29565,8630,1,10.344906330108643,177272
STOCHASTIC,MQTBench,twolocalrandom_nativegates_ibm_qiskit_opt1_50.qasm,sycamore.txt,50,213,4475,3675,3991,28790,27990,8105,2,10.230139970779419,175036
STOCHASTIC,MQTBench,twolocalrandom_nativegates_ibm_qiskit_opt1_50.qasm,sycamore.txt,50,213,4475,3675,4098,28559,27759,8028,3,10.577085256576538,175424
STOCHASTIC,MQTBench,twolocalrandom_nativegates_ibm_qiskit_opt1_50.qasm,sycamore.txt,50,213,4475,3675,4037,28127,27327,7884,4,10.176554679870605,174832
STOCHASTIC,MQTBench,twolocalrandom_nativegates_ibm_qiskit_opt1_50.qasm,sycamore.txt,50,213,4475,3675,4136,28688,27888,8071,5,10.286648750305176,174552
STOCHASTIC,MQTBench,twolocalrandom_nativegates_ibm_qiskit_opt1_50.qasm,sycamore.txt,50,213,4475,3675,4359,28961,28161,8162,6,10.360009670257568,175268
STOCHASTIC,MQTBench,twolocalrandom_nativegates_ibm_qiskit_opt1_50.qasm,sycamore.txt,50,213,4475,3675,3600,26255,25455,7260,7,9.994772672653198,174832
STOCHASTIC,MQTBench,twolocalrandom_nativegates_ibm_qiskit_opt1_50.qasm,sycamore.txt,50,213,4475,3675,4316,29888,29088,8471,8,10.835041284561157,176128
STOCHASTIC,MQTBench,twolocalrandom_nativegates_ibm_qiskit_opt1_50.qasm,sycamore.txt,50,213,4475,3675,3879,27851,27051,7792,9,9.984470844268799,174392
STOCHASTIC,MQTBench,twolocalrandom_nativegates_ibm_qiskit_opt1_50.qasm,sycamore.txt,50,213,4475,3675,3682,27206,26406,7577,10,10.43799090385437,175396
STOCHASTIC,MQTBench,twolocalrandom_nativegates_ibm_qiskit_opt1_50.qasm,sycamore.txt,50,213,4475,3675,4101,28952,28152,8159,11,10.77751350402832,175236
STOCHASTIC,MQTBench,twolocalrandom_nativegates_ibm_qiskit_opt1_50.qasm,sycamore.txt,50,213,4475,3675,4064,28565,27765,8030,12,10.520101308822632,174216
STOCHASTIC,MQTBench,twolocalrandom_nativegates_ibm_qiskit_opt1_50.qasm,sycamore.txt,50,213,4475,3675,4440,30143,29343,8556,13,10.30454707145691,175720
STOCHASTIC,MQTBench,twolocalrandom_nativegates_ibm_qiskit_opt1_50.qasm,sycamore.txt,50,213,4475,3675,3935,28346,27546,7957,14,10.030956745147705,174604
STOCHASTIC,MQTBench,twolocalrandom_nativegates_ibm_qiskit_opt1_50.qasm,sycamore.txt,50,213,4475,3675,4081,29138,28338,8221,15,10.666923999786377,175048
STOCHASTIC,MQTBench,twolocalrandom_nativegates_ibm_qiskit_opt1_50.qasm,sycamore.txt,50,213,4475,3675,4172,29003,28203,8176,16,10.26805853843689,175636
STOCHASTIC,MQTBench,twolocalrandom_nativegates_ibm_qiskit_opt1_50.qasm,sycamore.txt,50,213,4475,3675,3728,27362,26562,7629,17,10.333094596862793,175244
STOCHASTIC,MQTBench,twolocalrandom_nativegates_ibm_qiskit_opt1_50.qasm,sycamore.txt,50,213,4475,3675,4534,30473,29673,8666,18,10.759989976882935,175628
STOCHASTIC,MQTBench,twolocalrandom_nativegates_ibm_qiskit_opt1_50.qasm,sycamore.txt,50,213,4475,3675,3885,27974,27174,7833,19,10.394506692886353,175612
STOCHASTIC,MQTBench,twolocalrandom_nativegates_ibm_qiskit_opt1_50.qasm,sycamore.txt,50,213,4475,3675,4233,29147,28347,8224,20,10.46139669418335,175984
STOCHASTIC,MQTBench,twolocalrandom_nativegates_ibm_qiskit_opt1_50.qasm,sycamore.txt,50,213,4475,3675,3839,27980,27180,7835,21,10.374382734298706,174772
STOCHASTIC,MQTBench,twolocalrandom_nativegates_ibm_qiskit_opt1_50.qasm,sycamore.txt,50,213,4475,3675,3786,27860,27060,7795,22,10.712828874588013,174908
STOCHASTIC,MQTBench,twolocalrandom_nativegates_ibm_qiskit_opt1_50.qasm,sycamore.txt,50,213,4475,3675,4066,28049,27249,7858,23,10.541536092758179,175172
STOCHASTIC,MQTBench,twolocalrandom_nativegates_ibm_qiskit_opt1_50.qasm,sycamore.txt,50,213,4475,3675,3743,27542,26742,7689,24,10.305903434753418,174880
STOCHASTIC,MQTBench,twolocalrandom_nativegates_ibm_qiskit_opt1_50.qasm,sycamore.txt,50,213,4475,3675,4196,29339,28539,8288,25,10.326747179031372,175072
STOCHASTIC,MQTBench,twolocalrandom_nativegates_ibm_qiskit_opt1_50.qasm,sycamore.txt,50,213,4475,3675,4028,28808,28008,8111,26,10.367215633392334,175044
STOCHASTIC,MQTBench,twolocalrandom_nativegates_ibm_qiskit_opt1_50.qasm,sycamore.txt,50,213,4475,3675,3997,28337,27537,7954,27,10.846168518066406,175204
STOCHASTIC,MQTBench,twolocalrandom_nativegates_ibm_qiskit_opt1_50.qasm,sycamore.txt,50,213,4475,3675,4206,28190,27390,7905,28,10.684478998184204,174736
STOCHASTIC,MQTBench,twolocalrandom_nativegates_ibm_qiskit_opt1_50.qasm,sycamore.txt,50,213,4475,3675,4019,27836,27036,7787,29,10.442773580551147,175360
STOCHASTIC,MQTBench,qnn_nativegates_ibm_qiskit_opt1_50.qasm,sycamore.txt,50,504,8099,4949,4437,32690,29540,8197,0,12.892544507980347,195968
STOCHASTIC,MQTBench,qnn_nativegates_ibm_qiskit_opt1_50.qasm,sycamore.txt,50,504,8099,4949,4549,32039,28889,7980,1,11.863473176956177,193808
STOCHASTIC,MQTBench,qnn_nativegates_ibm_qiskit_opt1_50.qasm,sycamore.txt,50,504,8099,4949,4375,32018,28868,7973,2,12.195888757705688,195960
STOCHASTIC,MQTBench,qnn_nativegates_ibm_qiskit_opt1_50.qasm,sycamore.txt,50,504,8099,4949,4061,29942,26792,7281,3,11.874215126037598,194832
STOCHASTIC,MQTBench,qnn_nativegates_ibm_qiskit_opt1_50.qasm,sycamore.txt,50,504,8099,4949,4141,30743,27593,7548,4,11.973249673843384,194576
STOCHASTIC,MQTBench,qnn_nativegates_ibm_qiskit_opt1_50.qasm,sycamore.txt,50,504,8099,4949,4384,31601,28451,7834,5,12.366066932678223,194568
STOCHASTIC,MQTBench,qnn_nativegates_ibm_qiskit_opt1_50.qasm,sycamore.txt,50,504,8099,4949,3999,29708,26558,7203,6,11.237087965011597,194280
STOCHASTIC,MQTBench,qnn_nativegates_ibm_qiskit_opt1_50.qasm,sycamore.txt,50,504,8099,4949,4192,30854,27704,7585,7,12.846851587295532,195800
STOCHASTIC,MQTBench,qnn_nativegates_ibm_qiskit_opt1_50.qasm,sycamore.txt,50,504,8099,4949,4217,30896,27746,7599,8,12.369804382324219,195344
STOCHASTIC,MQTBench,qnn_nativegates_ibm_qiskit_opt1_50.qasm,sycamore.txt,50,504,8099,4949,4187,30245,27095,7382,9,12.446043968200684,194832
STOCHASTIC,MQTBench,qnn_nativegates_ibm_qiskit_opt1_50.qasm,sycamore.txt,50,504,8099,4949,4018,29717,26567,7206,10,11.963240146636963,195092
STOCHASTIC,MQTBench,qnn_nativegates_ibm_qiskit_opt1_50.qasm,sycamore.txt,50,504,8099,4949,4190,31241,28091,7714,11,12.39254355430603,195204
STOCHASTIC,MQTBench,qnn_nativegates_ibm_qiskit_opt1_50.qasm,sycamore.txt,50,504,8099,4949,4121,30044,26894,7315,12,12.024309158325195,194832
STOCHASTIC,MQTBench,qnn_nativegates_ibm_qiskit_opt1_50.qasm,sycamore.txt,50,504,8099,4949,3992,30245,27095,7382,13,11.959526300430298,195468
STOCHASTIC,MQTBench,qnn_nativegates_ibm_qiskit_opt1_50.qasm,sycamore.txt,50,504,8099,4949,4414,31871,28721,7924,14,12.6549654006958,195348
STOCHASTIC,MQTBench,qnn_nativegates_ibm_qiskit_opt1_50.qasm,sycamore.txt,50,504,8099,4949,4297,31424,28274,7775,15,12.384081363677979,195608
STOCHASTIC,MQTBench,qnn_nativegates_ibm_qiskit_opt1_50.qasm,sycamore.txt,50,504,8099,4949,3995,30356,27206,7419,16,11.66019868850708,195600
STOCHASTIC,MQTBench,qnn_nativegates_ibm_qiskit_opt1_50.qasm,sycamore.txt,50,504,8099,4949,4252,31379,28229,7760,17,12.997507333755493,195092
STOCHASTIC,MQTBench,qnn_nativegates_ibm_qiskit_opt1_50.qasm,sycamore.txt,50,504,8099,4949,4469,32327,29177,8076,18,12.755392789840698,196368
STOCHASTIC,MQTBench,qnn_nativegates_ibm_qiskit_opt1_50.qasm,sycamore.txt,50,504,8099,4949,4195,30947,27797,7616,19,12.38253116607666,194324
STOCHASTIC,MQTBench,qnn_nativegates_ibm_qiskit_opt1_50.qasm,sycamore.txt,50,504,8099,4949,4361,31664,28514,7855,20,12.517251253128052,194892
STOCHASTIC,MQTBench,qnn_nativegates_ibm_qiskit_opt1_50.qasm,sycamore.txt,50,504,8099,4949,4318,30038,26888,7313,21,11.892171859741211,193804
STOCHASTIC,MQTBench,qnn_nativegates_ibm_qiskit_opt1_50.qasm,sycamore.txt,50,504,8099,4949,4086,30752,27602,7551,22,12.69779086112976,194828
STOCHASTIC,MQTBench,qnn_nativegates_ibm_qiskit_opt1_50.qasm,sycamore.txt,50,504,8099,4949,4276,30701,27551,7534,23,12.880820274353027,194436
STOCHASTIC,MQTBench,qnn_nativegates_ibm_qiskit_opt1_50.qasm,sycamore.txt,50,504,8099,4949,4081,30704,27554,7535,24,12.600108623504639,195348
STOCHASTIC,MQTBench,qnn_nativegates_ibm_qiskit_opt1_50.qasm,sycamore.txt,50,504,8099,4949,4101,29666,26516,7189,25,11.51413631439209,195340
STOCHASTIC,MQTBench,qnn_nativegates_ibm_qiskit_opt1_50.qasm,sycamore.txt,50,504,8099,4949,4531,32651,29501,8184,26,12.27279782295227,195344
STOCHASTIC,MQTBench,qnn_nativegates_ibm_qiskit_opt1_50.qasm,sycamore.txt,50,504,8099,4949,4132,30440,27290,7447,27,11.826490879058838,194308
STOCHASTIC,MQTBench,qnn_nativegates_ibm_qiskit_opt1_50.qasm,sycamore.txt,50,504,8099,4949,4043,30572,27422,7491,28,11.890730381011963,195344
STOCHASTIC,MQTBench,qnn_nativegates_ibm_qiskit_opt1_50.qasm,sycamore.txt,50,504,8099,4949,4156,29879,26729,7260,29,11.669280290603638,195076
STOCHASTIC,MQTBench,dj_nativegates_ibm_qiskit_opt1_50.qasm,sycamore.txt,50,55,346,49,264,721,424,125,0,0.2381303310394287,148856
STOCHASTIC,MQTBench,dj_nativegates_ibm_qiskit_opt1_50.qasm,sycamore.txt,50,55,346,49,258,742,445,132,1,0.21626806259155273,148348
STOCHASTIC,MQTBench,dj_nativegates_ibm_qiskit_opt1_50.qasm,sycamore.txt,50,55,346,49,249,712,415,122,2,0.2440800666809082,148476
STOCHASTIC,MQTBench,dj_nativegates_ibm_qiskit_opt1_50.qasm,sycamore.txt,50,55,346,49,271,754,457,136,3,0.24205636978149414,149008
STOCHASTIC,MQTBench,dj_nativegates_ibm_qiskit_opt1_50.qasm,sycamore.txt,50,55,346,49,268,754,457,136,4,0.26843738555908203,149236
STOCHASTIC,MQTBench,dj_nativegates_ibm_qiskit_opt1_50.qasm,sycamore.txt,50,55,346,49,270,727,430,127,5,0.2351374626159668,148448
STOCHASTIC,MQTBench,dj_nativegates_ibm_qiskit_opt1_50.qasm,sycamore.txt,50,55,346,49,244,715,418,123,6,0.2322709560394287,148692
STOCHASTIC,MQTBench,dj_nativegates_ibm_qiskit_opt1_50.qasm,sycamore.txt,50,55,346,49,235,736,439,130,7,0.22664380073547363,148424
STOCHASTIC,MQTBench,dj_nativegates_ibm_qiskit_opt1_50.qasm,sycamore.txt,50,55,346,49,238,691,394,115,8,0.24477434158325195,148884
STOCHASTIC,MQTBench,dj_nativegates_ibm_qiskit_opt1_50.qasm,sycamore.txt,50,55,346,49,265,754,457,136,9,0.22289323806762695,148936
STOCHASTIC,MQTBench,dj_nativegates_ibm_qiskit_opt1_50.qasm,sycamore.txt,50,55,346,49,247,703,406,119,10,0.2276155948638916,149016
STOCHASTIC,MQTBench,dj_nativegates_ibm_qiskit_opt1_50.qasm,sycamore.txt,50,55,346,49,238,709,412,121,11,0.25232601165771484,148748
STOCHASTIC,MQTBench,dj_nativegates_ibm_qiskit_opt1_50.qasm,sycamore.txt,50,55,346,49,235,688,391,114,12,0.22284412384033203,148792
STOCHASTIC,MQTBench,dj_nativegates_ibm_qiskit_opt1_50.qasm,sycamore.txt,50,55,346,49,262,736,439,130,13,0.25759196281433105,148272
STOCHASTIC,MQTBench,dj_nativegates_ibm_qiskit_opt1_50.qasm,sycamore.txt,50,55,346,49,243,679,382,111,14,0.260711669921875,148760
STOCHASTIC,MQTBench,dj_nativegates_ibm_qiskit_opt1_50.qasm,sycamore.txt,50,55,346,49,247,730,433,128,15,0.2461862564086914,148716
STOCHASTIC,MQTBench,dj_nativegates_ibm_qiskit_opt1_50.qasm,sycamore.txt,50,55,346,49,255,724,427,126,16,0.23954558372497559,148388
STOCHASTIC,MQTBench,dj_nativegates_ibm_qiskit_opt1_50.qasm,sycamore.txt,50,55,346,49,265,733,436,129,17,0.22458481788635254,148512
STOCHASTIC,MQTBench,dj_nativegates_ibm_qiskit_opt1_50.qasm,sycamore.txt,50,55,346,49,232,676,379,110,18,0.2186720371246338,148896
STOCHASTIC,MQTBench,dj_nativegates_ibm_qiskit_opt1_50.qasm,sycamore.txt,50,55,346,49,289,787,490,147,19,0.2178354263305664,148328
STOCHASTIC,MQTBench,dj_nativegates_ibm_qiskit_opt1_50.qasm,sycamore.txt,50,55,346,49,271,754,457,136,20,0.24500393867492676,148700
STOCHASTIC,MQTBench,dj_nativegates_ibm_qiskit_opt1_50.qasm,sycamore.txt,50,55,346,49,267,715,418,123,21,0.244049072265625,148192
STOCHASTIC,MQTBench,dj_nativegates_ibm_qiskit_opt1_50.qasm,sycamore.txt,50,55,346,49,267,745,448,133,22,0.23177027702331543,149116
STOCHASTIC,MQTBench,dj_nativegates_ibm_qiskit_opt1_50.qasm,sycamore.txt,50,55,346,49,259,715,418,123,23,0.18554925918579102,148444
STOCHASTIC,MQTBench,dj_nativegates_ibm_qiskit_opt1_50.qasm,sycamore.txt,50,55,346,49,229,694,397,116,24,0.21055269241333008,148720
STOCHASTIC,MQTBench,dj_nativegates_ibm_qiskit_opt1_50.qasm,sycamore.txt,50,55,346,49,271,733,436,129,25,0.24738669395446777,148768
STOCHASTIC,MQTBench,dj_nativegates_ibm_qiskit_opt1_50.qasm,sycamore.txt,50,55,346,49,240,721,424,125,26,0.21271610260009766,148644
STOCHASTIC,MQTBench,dj_nativegates_ibm_qiskit_opt1_50.qasm,sycamore.txt,50,55,346,49,265,748,451,134,27,0.23840856552124023,148304
STOCHASTIC,MQTBench,dj_nativegates_ibm_qiskit_opt1_50.qasm,sycamore.txt,50,55,346,49,253,718,421,124,28,0.22441530227661133,148572
STOCHASTIC,MQTBench,dj_nativegates_ibm_qiskit_opt1_50.qasm,sycamore.txt,50,55,346,49,250,709,412,121,29,0.22301173210144043,148900
STOCHASTIC,MQTBench,twolocalrandom_nativegates_ibm_qiskit_opt1_80.qasm,aspen.txt,80,333,10760,9480,7451,84110,82830,24452624570,0,90.2028106926,196880
STOCHASTIC,MQTBench,twolocalrandom_nativegates_ibm_qiskit_opt1_80.qasm,aspen.txt,80,333,10760,9480,7018,81926,80646,23722,1,89.99473715459999,195540
STOCHASTIC,MQTBench,twolocalrandom_nativegates_ibm_qiskit_opt1_80.qasm,aspen.txt,80,333,10760,9480,7887,89717,88437,26319,2,129.5639917986,196448
STOCHASTIC,MQTBench,twolocalrandom_nativegates_ibm_qiskit_opt1_80.qasm,aspen.txt,80,333,10760,9480,7567,85379,84099,24873,3,93.4083496344,195180
STOCHASTIC,MQTBench,twolocalrandom_nativegates_ibm_qiskit_opt1_80.qasm,aspen.txt,80,333,10760,9480,7788,87050,85770,25430,4,111.37150588559999,196888
STOCHASTIC,MQTBench,twolocalrandom_nativegates_ibm_qiskit_opt1_80.qasm,aspen.txt,80,333,10760,9480,7299,83738,82458,24326,5,97.72549031940001,196932
STOCHASTIC,MQTBench,twolocalrandom_nativegates_ibm_qiskit_opt1_80.qasm,aspen.txt,80,333,10760,9480,7486,84929,83649,24723,6,99.11122435380001,196100
STOCHASTIC,MQTBench,twolocalrandom_nativegates_ibm_qiskit_opt1_80.qasm,aspen.txt,80,333,10760,9480,7678,85157,83877,24799,7,91.66581300599998,196124
STOCHASTIC,MQTBench,twolocalrandom_nativegates_ibm_qiskit_opt1_80.qasm,aspen.txt,80,333,10760,9480,7940,86693,85413,25311,8,139.2854460552,197924
STOCHASTIC,MQTBench,twolocalrandom_nativegates_ibm_qiskit_opt1_80.qasm,aspen.txt,80,333,10760,9480,7646,84902,83622,24714,9,94.976650341,195116
STOCHASTIC,MQTBench,twolocalrandom_nativegates_ibm_qiskit_opt1_80.qasm,aspen.txt,80,333,10760,9480,7920,87719,86439,25653,10,112.6075401654,197148
STOCHASTIC,MQTBench,twolocalrandom_nativegates_ibm_qiskit_opt1_80.qasm,aspen.txt,80,333,10760,9480,7960,88121,86841,25787,11,91.5083310468,197560
STOCHASTIC,MQTBench,twolocalrandom_nativegates_ibm_qiskit_opt1_80.qasm,aspen.txt,80,333,10760,9480,8183,88718,87438,25986,12,134.27657463359998,197188
STOCHASTIC,MQTBench,twolocalrandom_nativegates_ibm_qiskit_opt1_80.qasm,aspen.txt,80,333,10760,9480,7410,84755,83475,24665,13,120.2528644212,195260
STOCHASTIC,MQTBench,twolocalrandom_nativegates_ibm_qiskit_opt1_80.qasm,aspen.txt,80,333,10760,9480,7376,85712,84432,24984,14,113.4667160448,197268
STOCHASTIC,MQTBench,twolocalrandom_nativegates_ibm_qiskit_opt1_80.qasm,aspen.txt,80,333,10760,9480,7408,84170,82890,24470,15,113.9512138524,197004
STOCHASTIC,MQTBench,twolocalrandom_nativegates_ibm_qiskit_opt1_80.qasm,aspen.txt,80,333,10760,9480,7564,84551,83271,24597,16,88.6313586366,196788
STOCHASTIC,MQTBench,twolocalrandom_nativegates_ibm_qiskit_opt1_80.qasm,aspen.txt,80,333,10760,9480,7930,86732,85452,25324,17,89.6778149034,195848
STOCHASTIC,MQTBench,twolocalrandom_nativegates_ibm_qiskit_opt1_80.qasm,aspen.txt,80,333,10760,9480,7751,87659,86379,25633,18,91.64954402580001,197356
STOCHASTIC,MQTBench,twolocalrandom_nativegates_ibm_qiskit_opt1_80.qasm,aspen.txt,80,333,10760,9480,7311,83621,82341,24287,19,88.4058613338,195192
STOCHASTIC,MQTBench,twolocalrandom_nativegates_ibm_qiskit_opt1_80.qasm,aspen.txt,80,333,10760,9480,7679,86321,85041,25187,20,115.85271971339998,196740
STOCHASTIC,MQTBench,twolocalrandom_nativegates_ibm_qiskit_opt1_80.qasm,aspen.txt,80,333,10760,9480,8129,89060,87780,26100,21,93.78925358219999,198008
STOCHASTIC,MQTBench,twolocalrandom_nativegates_ibm_qiskit_opt1_80.qasm,aspen.txt,80,333,10760,9480,7274,82736,81456,23992,22,101.0784115728,196052
STOCHASTIC,MQTBench,twolocalrandom_nativegates_ibm_qiskit_opt1_80.qasm,aspen.txt,80,333,10760,9480,7652,86633,85353,25291,23,91.63926936419999,196084
STOCHASTIC,MQTBench,twolocalrandom_nativegates_ibm_qiskit_opt1_80.qasm,aspen.txt,80,333,10760,9480,7308,83600,82320,24280,24,95.55214759919998,196308
STOCHASTIC,MQTBench,twolocalrandom_nativegates_ibm_qiskit_opt1_80.qasm,aspen.txt,80,333,10760,9480,7800,85622,84342,24954,25,92.33250124439999,196432
STOCHASTIC,MQTBench,twolocalrandom_nativegates_ibm_qiskit_opt1_80.qasm,aspen.txt,80,333,10760,9480,7742,84647,83367,24629,26,92.93690817659999,195020
STOCHASTIC,MQTBench,twolocalrandom_nativegates_ibm_qiskit_opt1_80.qasm,aspen.txt,80,333,10760,9480,7206,83252,81972,24164,27,87.1382290632,196480
STOCHASTIC,MQTBench,twolocalrandom_nativegates_ibm_qiskit_opt1_80.qasm,aspen.txt,80,333,10760,9480,7725,84584,83304,24608,28,89.86506736559998,195288
STOCHASTIC,MQTBench,twolocalrandom_nativegates_ibm_qiskit_opt1_80.qasm,aspen.txt,80,333,10760,9480,7579,83900,82620,24380,29,90.5894339388,194640
STOCHASTIC,MQTBench,qnn_nativegates_ibm_qiskit_opt1_80.qasm,aspen.txt,80,804,20159,12719,8039,89591,82151,23144,0,100.805911611,244572
STOCHASTIC,MQTBench,qnn_nativegates_ibm_qiskit_opt1_80.qasm,aspen.txt,80,804,20159,12719,7986,88529,81089,22790,1,100.26665409599998,244304
STOCHASTIC,MQTBench,qnn_nativegates_ibm_qiskit_opt1_80.qasm,aspen.txt,80,804,20159,12719,7847,89408,81968,23083,2,97.81436611259998,244116
STOCHASTIC,MQTBench,qnn_nativegates_ibm_qiskit_opt1_80.qasm,aspen.txt,80,804,20159,12719,8291,92000,84560,23947,3,140.01881237579997,243908
STOCHASTIC,MQTBench,qnn_nativegates_ibm_qiskit_opt1_80.qasm,aspen.txt,80,804,20159,12719,8357,91313,83873,23718,4,125.55978835739998,245092
STOCHASTIC,MQTBench,qnn_nativegates_ibm_qiskit_opt1_80.qasm,aspen.txt,80,804,20159,12719,7849,89228,81788,23023,5,105.08109474,244224
STOCHASTIC,MQTBench,qnn_nativegates_ibm_qiskit_opt1_80.qasm,aspen.txt,80,804,20159,12719,7831,88745,81305,22862,6,104.902607073,244524
STOCHASTIC,MQTBench,qnn_nativegates_ibm_qiskit_opt1_80.qasm,aspen.txt,80,804,20159,12719,7704,87764,80324,22535,7,93.32037850379999,243276
STOCHASTIC,MQTBench,qnn_nativegates_ibm_qiskit_opt1_80.qasm,aspen.txt,80,804,20159,12719,8085,88985,81545,22942,8,101.801609682,244236
STOCHASTIC,MQTBench,qnn_nativegates_ibm_qiskit_opt1_80.qasm,aspen.txt,80,804,20159,12719,8036,89759,82319,23200,9,112.75231376579998,244268
STOCHASTIC,MQTBench,qnn_nativegates_ibm_qiskit_opt1_80.qasm,aspen.txt,80,804,20159,12719,7733,88256,80816,22699,10,99.11488711620001,243760
STOCHASTIC,MQTBench,qnn_nativegates_ibm_qiskit_opt1_80.qasm,aspen.txt,80,804,20159,12719,7753,87851,80411,22564,11,94.07561260499999,243480
STOCHASTIC,MQTBench,qnn_nativegates_ibm_qiskit_opt1_80.qasm,aspen.txt,80,804,20159,12719,7613,88064,80624,22635,12,100.84010890679998,243244
STOCHASTIC,MQTBench,qnn_nativegates_ibm_qiskit_opt1_80.qasm,aspen.txt,80,804,20159,12719,7888,87578,80138,22473,13,96.77555122439999,244028
STOCHASTIC,MQTBench,qnn_nativegates_ibm_qiskit_opt1_80.qasm,aspen.txt,80,804,20159,12719,7668,88850,81410,22897,14,100.42012485779999,243852
STOCHASTIC,MQTBench,qnn_nativegates_ibm_qiskit_opt1_80.qasm,aspen.txt,80,804,20159,12719,8382,91307,83867,23716,15,105.3215551524,244276
STOCHASTIC,MQTBench,qnn_nativegates_ibm_qiskit_opt1_80.qasm,aspen.txt,80,804,20159,12719,8041,90398,82958,23413,16,99.1100544816,244004
STOCHASTIC,MQTBench,qnn_nativegates_ibm_qiskit_opt1_80.qasm,aspen.txt,80,804,20159,12719,7719,89735,82295,23192,17,104.4545074386,242944
STOCHASTIC,MQTBench,qnn_nativegates_ibm_qiskit_opt1_80.qasm,aspen.txt,80,804,20159,12719,7668,87152,79712,22331,18,104.1754303158,243020
STOCHASTIC,MQTBench,qnn_nativegates_ibm_qiskit_opt1_80.qasm,aspen.txt,80,804,20159,12719,8120,88757,81317,22866,19,150.24125079779998,244040
STOCHASTIC,MQTBench,qnn_nativegates_ibm_qiskit_opt1_80.qasm,aspen.txt,80,804,20159,12719,7782,88280,80840,22707,20,104.72292081239999,243984
STOCHASTIC,MQTBench,qnn_nativegates_ibm_qiskit_opt1_80.qasm,aspen.txt,80,804,20159,12719,7982,89744,82304,23195,21,101.8637446548,244328
STOCHASTIC,MQTBench,qnn_nativegates_ibm_qiskit_opt1_80.qasm,aspen.txt,80,804,20159,12719,8616,92915,85475,24252,22,112.800987201,244112
STOCHASTIC,MQTBench,qnn_nativegates_ibm_qiskit_opt1_80.qasm,aspen.txt,80,804,20159,12719,7457,87140,79700,22327,23,111.871005042,243832
STOCHASTIC,MQTBench,qnn_nativegates_ibm_qiskit_opt1_80.qasm,aspen.txt,80,804,20159,12719,7788,89396,81956,23079,24,100.07928917219999,243384
STOCHASTIC,MQTBench,qnn_nativegates_ibm_qiskit_opt1_80.qasm,aspen.txt,80,804,20159,12719,8302,91904,84464,23915,25,135.729807156,244112
STOCHASTIC,MQTBench,qnn_nativegates_ibm_qiskit_opt1_80.qasm,aspen.txt,80,804,20159,12719,8235,91139,83699,23660,26,101.62943666400001,243992
STOCHASTIC,MQTBench,qnn_nativegates_ibm_qiskit_opt1_80.qasm,aspen.txt,80,804,20159,12719,7896,90431,82991,23424,27,105.791450442,244072
STOCHASTIC,MQTBench,qnn_nativegates_ibm_qiskit_opt1_80.qasm,aspen.txt,80,804,20159,12719,8330,91592,84152,23811,28,99.66627873840001,244600
STOCHASTIC,MQTBench,qnn_nativegates_ibm_qiskit_opt1_80.qasm,aspen.txt,80,804,20159,12719,7594,88307,80867,22716,29,99.755879733,243476
STOCHASTIC,MQTBench,dj_nativegates_ibm_qiskit_opt1_80.qasm,aspen.txt,80,85,556,79,484,1282,805,242,0,0.6894784397999999,158852
STOCHASTIC,MQTBench,dj_nativegates_ibm_qiskit_opt1_80.qasm,aspen.txt,80,85,556,79,465,1249,772,231,1,0.7003390758,158612
STOCHASTIC,MQTBench,dj_nativegates_ibm_qiskit_opt1_80.qasm,aspen.txt,80,85,556,79,465,1264,787,236,2,0.6685323209999996,158600
STOCHASTIC,MQTBench,dj_nativegates_ibm_qiskit_opt1_80.qasm,aspen.txt,80,85,556,79,433,1231,754,225,3,0.948651189,158084
STOCHASTIC,MQTBench,dj_nativegates_ibm_qiskit_opt1_80.qasm,aspen.txt,80,85,556,79,442,1240,763,228,4,0.9167810405999999,158588
STOCHASTIC,MQTBench,dj_nativegates_ibm_qiskit_opt1_80.qasm,aspen.txt,80,85,556,79,475,1273,796,239,5,0.7028317391999997,158840
STOCHASTIC,MQTBench,dj_nativegates_ibm_qiskit_opt1_80.qasm,aspen.txt,80,85,556,79,483,1327,850,257,6,0.6997536402000005,158992
STOCHASTIC,MQTBench,dj_nativegates_ibm_qiskit_opt1_80.qasm,aspen.txt,80,85,556,79,462,1252,775,232,7,0.6585406686000003,158952
STOCHASTIC,MQTBench,dj_nativegates_ibm_qiskit_opt1_80.qasm,aspen.txt,80,85,556,79,424,1207,730,217,8,0.6564380555999999,159108
STOCHASTIC,MQTBench,dj_nativegates_ibm_qiskit_opt1_80.qasm,aspen.txt,80,85,556,79,451,1264,787,236,9,0.8882273249999997,158600
STOCHASTIC,MQTBench,dj_nativegates_ibm_qiskit_opt1_80.qasm,aspen.txt,80,85,556,79,451,1243,766,229,10,0.7076174046,159220
STOCHASTIC,MQTBench,dj_nativegates_ibm_qiskit_opt1_80.qasm,aspen.txt,80,85,556,79,462,1279,802,241,11,0.7760201357999994,159092
STOCHASTIC,MQTBench,dj_nativegates_ibm_qiskit_opt1_80.qasm,aspen.txt,80,85,556,79,454,1258,781,234,12,0.6553387272000003,158864
STOCHASTIC,MQTBench,dj_nativegates_ibm_qiskit_opt1_80.qasm,aspen.txt,80,85,556,79,481,1294,817,246,13,0.7012445867999998,158600
STOCHASTIC,MQTBench,dj_nativegates_ibm_qiskit_opt1_80.qasm,aspen.txt,80,85,556,79,468,1276,799,240,14,0.7150576637999994,158856
STOCHASTIC,MQTBench,dj_nativegates_ibm_qiskit_opt1_80.qasm,aspen.txt,80,85,556,79,472,1294,817,246,15,0.6812923578000004,158448
STOCHASTIC,MQTBench,dj_nativegates_ibm_qiskit_opt1_80.qasm,aspen.txt,80,85,556,79,481,1318,841,254,16,0.7474982405999995,158840
STOCHASTIC,MQTBench,dj_nativegates_ibm_qiskit_opt1_80.qasm,aspen.txt,80,85,556,79,450,1225,748,223,17,0.6408659058000007,158624
STOCHASTIC,MQTBench,dj_nativegates_ibm_qiskit_opt1_80.qasm,aspen.txt,80,85,556,79,454,1273,796,239,18,0.6744487121999999,158700
STOCHASTIC,MQTBench,dj_nativegates_ibm_qiskit_opt1_80.qasm,aspen.txt,80,85,556,79,453,1243,766,229,19,0.6731356674000002,158588
STOCHASTIC,MQTBench,dj_nativegates_ibm_qiskit_opt1_80.qasm,aspen.txt,80,85,556,79,451,1249,772,231,20,0.7157117453999999,158324
STOCHASTIC,MQTBench,dj_nativegates_ibm_qiskit_opt1_80.qasm,aspen.txt,80,85,556,79,468,1303,826,249,21,1.0380523643999997,159100
STOCHASTIC,MQTBench,dj_nativegates_ibm_qiskit_opt1_80.qasm,aspen.txt,80,85,556,79,451,1243,766,229,22,0.7821803304000005,158848
STOCHASTIC,MQTBench,dj_nativegates_ibm_qiskit_opt1_80.qasm,aspen.txt,80,85,556,79,450,1255,778,233,23,0.9016059576000003,158680
STOCHASTIC,MQTBench,dj_nativegates_ibm_qiskit_opt1_80.qasm,aspen.txt,80,85,556,79,450,1264,787,236,24,0.6766783157999995,158860
STOCHASTIC,MQTBench,dj_nativegates_ibm_qiskit_opt1_80.qasm,aspen.txt,80,85,556,79,455,1252,775,232,25,0.7255405782000005,159188
STOCHASTIC,MQTBench,dj_nativegates_ibm_qiskit_opt1_80.qasm,aspen.txt,80,85,556,79,468,1273,796,239,26,0.6718169981999994,158824
STOCHASTIC,MQTBench,dj_nativegates_ibm_qiskit_opt1_80.qasm,aspen.txt,80,85,556,79,477,1276,799,240,27,0.9693592806,158344
STOCHASTIC,MQTBench,dj_nativegates_ibm_qiskit_opt1_80.qasm,aspen.txt,80,85,556,79,469,1267,790,237,28,0.7099561584000001,159120
STOCHASTIC,MQTBench,dj_nativegates_ibm_qiskit_opt1_80.qasm,aspen.txt,80,85,556,79,455,1240,763,228,29,0.7250851829999997,159060
STOCHASTIC,MQTBench,twolocalrandom_nativegates_ibm_qiskit_opt1_120.qasm,eagle.txt,120,493,23340,21420,17808,251988,250068,76216,0,352.73113767779995,277712
STOCHASTIC,MQTBench,twolocalrandom_nativegates_ibm_qiskit_opt1_120.qasm,eagle.txt,120,493,23340,21420,17172,252435,250515,76365,1,368.019920046,278316
STOCHASTIC,MQTBench,twolocalrandom_nativegates_ibm_qiskit_opt1_120.qasm,eagle.txt,120,493,23340,21420,17491,251733,249813,76131,2,355.6617243018,274440
STOCHASTIC,MQTBench,twolocalrandom_nativegates_ibm_qiskit_opt1_120.qasm,eagle.txt,120,493,23340,21420,18414,265074,263154,80578,3,370.98028664099996,278088
STOCHASTIC,MQTBench,twolocalrandom_nativegates_ibm_qiskit_opt1_120.qasm,eagle.txt,120,493,23340,21420,17960,259689,257769,78783,4,340.2105105516,276184
STOCHASTIC,MQTBench,twolocalrandom_nativegates_ibm_qiskit_opt1_120.qasm,eagle.txt,120,493,23340,21420,18982,260637,258717,79099,5,441.57221489579996,276348
STOCHASTIC,MQTBench,twolocalrandom_nativegates_ibm_qiskit_opt1_120.qasm,eagle.txt,120,493,23340,21420,17711,256080,254160,77580,6,465.5576887607999,274112
STOCHASTIC,MQTBench,twolocalrandom_nativegates_ibm_qiskit_opt1_120.qasm,eagle.txt,120,493,23340,21420,19625,268134,266214,81598,7,369.16684157519995,281096
STOCHASTIC,MQTBench,twolocalrandom_nativegates_ibm_qiskit_opt1_120.qasm,eagle.txt,120,493,23340,21420,17776,257571,255651,78077,8,369.4211052588,275700
STOCHASTIC,MQTBench,twolocalrandom_nativegates_ibm_qiskit_opt1_120.qasm,eagle.txt,120,493,23340,21420,17214,257451,255531,78037,9,382.3399529082,280404
STOCHASTIC,MQTBench,twolocalrandom_nativegates_ibm_qiskit_opt1_120.qasm,eagle.txt,120,493,23340,21420,18565,265437,263517,80699,10,353.84711593620005,278952
STOCHASTIC,MQTBench,twolocalrandom_nativegates_ibm_qiskit_opt1_120.qasm,eagle.txt,120,493,23340,21420,18093,262761,260841,79807,11,386.25507637259994,280976
STOCHASTIC,MQTBench,twolocalrandom_nativegates_ibm_qiskit_opt1_120.qasm,eagle.txt,120,493,23340,21420,17528,256497,254577,77719,12,343.7072354928,276228
STOCHASTIC,MQTBench,twolocalrandom_nativegates_ibm_qiskit_opt1_120.qasm,eagle.txt,120,493,23340,21420,17618,252252,250332,76304,13,344.47652848979993,277572
STOCHASTIC,MQTBench,twolocalrandom_nativegates_ibm_qiskit_opt1_120.qasm,eagle.txt,120,493,23340,21420,18386,267486,265566,81382,14,378.165607881,281208
STOCHASTIC,MQTBench,twolocalrandom_nativegates_ibm_qiskit_opt1_120.qasm,eagle.txt,120,493,23340,21420,18145,257955,256035,78205,15,444.9151903392,275396
STOCHASTIC,MQTBench,twolocalrandom_nativegates_ibm_qiskit_opt1_120.qasm,eagle.txt,120,493,23340,21420,18613,262728,260808,79796,16,396.73365635640005,281828
STOCHASTIC,MQTBench,twolocalrandom_nativegates_ibm_qiskit_opt1_120.qasm,eagle.txt,120,493,23340,21420,17934,256854,254934,77838,17,356.851405101,276116
STOCHASTIC,MQTBench,twolocalrandom_nativegates_ibm_qiskit_opt1_120.qasm,eagle.txt,120,493,23340,21420,17324,255303,253383,77321,18,343.81978086719994,278868
STOCHASTIC,MQTBench,twolocalrandom_nativegates_ibm_qiskit_opt1_120.qasm,eagle.txt,120,493,23340,21420,17496,252495,250575,76385,19,341.8571170146,275004
STOCHASTIC,MQTBench,twolocalrandom_nativegates_ibm_qiskit_opt1_120.qasm,eagle.txt,120,493,23340,21420,17574,257526,255606,78062,20,343.60052586600005,275908
STOCHASTIC,MQTBench,twolocalrandom_nativegates_ibm_qiskit_opt1_120.qasm,eagle.txt,120,493,23340,21420,18509,257379,255459,78013,21,355.4226425358,279104
STOCHASTIC,MQTBench,twolocalrandom_nativegates_ibm_qiskit_opt1_120.qasm,eagle.txt,120,493,23340,21420,17591,258918,256998,78526,22,359.4109785294,280944
STOCHASTIC,MQTBench,twolocalrandom_nativegates_ibm_qiskit_opt1_120.qasm,eagle.txt,120,493,23340,21420,18103,253362,251442,76674,23,589.2721408079999,277776
STOCHASTIC,MQTBench,twolocalrandom_nativegates_ibm_qiskit_opt1_120.qasm,eagle.txt,120,493,23340,21420,18414,262272,260352,79644,24,364.81986040199996,276272
STOCHASTIC,MQTBench,twolocalrandom_nativegates_ibm_qiskit_opt1_120.qasm,eagle.txt,120,493,23340,21420,17523,254115,252195,76925,25,343.8803166714,275696
STOCHASTIC,MQTBench,twolocalrandom_nativegates_ibm_qiskit_opt1_120.qasm,eagle.txt,120,493,23340,21420,17392,257409,255489,78023,26,482.32581474299997,276728
STOCHASTIC,MQTBench,twolocalrandom_nativegates_ibm_qiskit_opt1_120.qasm,eagle.txt,120,493,23340,21420,17839,259557,257637,78739,27,372.29285045759997,276340
STOCHASTIC,MQTBench,twolocalrandom_nativegates_ibm_qiskit_opt1_120.qasm,eagle.txt,120,493,23340,21420,18117,255705,253785,77455,28,351.33266595599997,277804
STOCHASTIC,MQTBench,twolocalrandom_nativegates_ibm_qiskit_opt1_120.qasm,eagle.txt,120,493,23340,21420,18001,259218,257298,78626,29,419.1399592476,280072
STOCHASTIC,MQTBench,qnn_nativegates_ibm_qiskit_opt1_120.qasm,eagle.txt,120,1204,44639,28679,18929,262697,246737,72686,0,442.6694527908,373164
STOCHASTIC,MQTBench,qnn_nativegates_ibm_qiskit_opt1_120.qasm,eagle.txt,120,1204,44639,28679,18979,261560,245600,72307,1,389.91726747,375744
STOCHASTIC,MQTBench,qnn_nativegates_ibm_qiskit_opt1_120.qasm,eagle.txt,120,1204,44639,28679,19040,261998,246038,72453,2,389.65631496,373248
STOCHASTIC,MQTBench,qnn_nativegates_ibm_qiskit_opt1_120.qasm,eagle.txt,120,1204,44639,28679,18728,258134,242174,71165,3,400.12152459300006,373116
STOCHASTIC,MQTBench,qnn_nativegates_ibm_qiskit_opt1_120.qasm,eagle.txt,120,1204,44639,28679,18956,266540,250580,73967,4,389.3195534958,375268
STOCHASTIC,MQTBench,qnn_nativegates_ibm_qiskit_opt1_120.qasm,eagle.txt,120,1204,44639,28679,19119,260621,244661,71994,5,386.09058669899997,373416
STOCHASTIC,MQTBench,qnn_nativegates_ibm_qiskit_opt1_120.qasm,eagle.txt,120,1204,44639,28679,18532,257981,242021,71114,6,437.358695223,372312
STOCHASTIC,MQTBench,qnn_nativegates_ibm_qiskit_opt1_120.qasm,eagle.txt,120,1204,44639,28679,19529,265778,249818,73713,7,387.91380623699996,375952
STOCHASTIC,MQTBench,qnn_nativegates_ibm_qiskit_opt1_120.qasm,eagle.txt,120,1204,44639,28679,19927,268919,252959,74760,8,386.72480164740006,374196
STOCHASTIC,MQTBench,qnn_nativegates_ibm_qiskit_opt1_120.qasm,eagle.txt,120,1204,44639,28679,18086,255182,239222,70181,9,475.9058330856,373416
STOCHASTIC,MQTBench,qnn_nativegates_ibm_qiskit_opt1_120.qasm,eagle.txt,120,1204,44639,28679,19846,268955,252995,74772,10,390.6705000216,374796
STOCHASTIC,MQTBench,qnn_nativegates_ibm_qiskit_opt1_120.qasm,eagle.txt,120,1204,44639,28679,19154,269618,253658,74993,11,397.21335562799993,374272
STOCHASTIC,MQTBench,qnn_nativegates_ibm_qiskit_opt1_120.qasm,eagle.txt,120,1204,44639,28679,19510,263423,247463,72928,12,422.98518006359996,373156
STOCHASTIC,MQTBench,qnn_nativegates_ibm_qiskit_opt1_120.qasm,eagle.txt,120,1204,44639,28679,18678,258596,242636,71319,13,387.7966089408,371884
STOCHASTIC,MQTBench,qnn_nativegates_ibm_qiskit_opt1_120.qasm,eagle.txt,120,1204,44639,28679,19021,262244,246284,72535,14,410.3789658948,373920
STOCHASTIC,MQTBench,qnn_nativegates_ibm_qiskit_opt1_120.qasm,eagle.txt,120,1204,44639,28679,19243,261626,245666,72329,15,389.5305281322,372944
STOCHASTIC,MQTBench,qnn_nativegates_ibm_qiskit_opt1_120.qasm,eagle.txt,120,1204,44639,28679,18898,257288,241328,70883,16,397.245902421,373116
STOCHASTIC,MQTBench,qnn_nativegates_ibm_qiskit_opt1_120.qasm,eagle.txt,120,1204,44639,28679,18738,265553,249593,73638,17,400.8825591618,372920
STOCHASTIC,MQTBench,qnn_nativegates_ibm_qiskit_opt1_120.qasm,eagle.txt,120,1204,44639,28679,18687,260120,244160,71827,18,452.35289565479997,373020
STOCHASTIC,MQTBench,qnn_nativegates_ibm_qiskit_opt1_120.qasm,eagle.txt,120,1204,44639,28679,19340,262469,246509,72610,19,405.68430468779997,372940
STOCHASTIC,MQTBench,qnn_nativegates_ibm_qiskit_opt1_120.qasm,eagle.txt,120,1204,44639,28679,18663,262376,246416,72579,20,394.1826122862,374276
STOCHASTIC,MQTBench,qnn_nativegates_ibm_qiskit_opt1_120.qasm,eagle.txt,120,1204,44639,28679,18236,259418,243458,71593,21,389.0126479992,374440
STOCHASTIC,MQTBench,qnn_nativegates_ibm_qiskit_opt1_120.qasm,eagle.txt,120,1204,44639,28679,19031,261563,245603,72308,22,383.4435311454,373976
STOCHASTIC,MQTBench,qnn_nativegates_ibm_qiskit_opt1_120.qasm,eagle.txt,120,1204,44639,28679,19410,265160,249200,73507,23,386.088006108,373944
STOCHASTIC,MQTBench,qnn_nativegates_ibm_qiskit_opt1_120.qasm,eagle.txt,120,1204,44639,28679,17957,257609,241649,70990,24,455.95120798499994,372828
STOCHASTIC,MQTBench,qnn_nativegates_ibm_qiskit_opt1_120.qasm,eagle.txt,120,1204,44639,28679,18787,266384,250424,73915,25,391.5556732806,374056
STOCHASTIC,MQTBench,qnn_nativegates_ibm_qiskit_opt1_120.qasm,eagle.txt,120,1204,44639,28679,19177,263207,247247,72856,26,399.7628233218,373912
STOCHASTIC,MQTBench,qnn_nativegates_ibm_qiskit_opt1_120.qasm,eagle.txt,120,1204,44639,28679,17546,255299,239339,70220,27,457.10445426179996,371616
STOCHASTIC,MQTBench,qnn_nativegates_ibm_qiskit_opt1_120.qasm,eagle.txt,120,1204,44639,28679,18791,262295,246335,72552,28,410.97991747379996,373140
STOCHASTIC,MQTBench,qnn_nativegates_ibm_qiskit_opt1_120.qasm,eagle.txt,120,1204,44639,28679,18941,265034,249074,73465,29,401.45934552299997,373160
STOCHASTIC,MQTBench,dj_nativegates_ibm_qiskit_opt1_120.qasm,eagle.txt,120,125,836,119,1201,2963,2246,709,0,1.4435655911999996,171564
STOCHASTIC,MQTBench,dj_nativegates_ibm_qiskit_opt1_120.qasm,eagle.txt,120,125,836,119,1184,2972,2255,712,1,1.4349412955999996,171336
STOCHASTIC,MQTBench,dj_nativegates_ibm_qiskit_opt1_120.qasm,eagle.txt,120,125,836,119,1198,2960,2243,708,2,1.4427069251999998,172264
STOCHASTIC,MQTBench,dj_nativegates_ibm_qiskit_opt1_120.qasm,eagle.txt,120,125,836,119,1205,2966,2249,710,3,1.4108553540000004,170452
STOCHASTIC,MQTBench,dj_nativegates_ibm_qiskit_opt1_120.qasm,eagle.txt,120,125,836,119,1142,2852,2135,672,4,1.3756076837999998,171248
STOCHASTIC,MQTBench,dj_nativegates_ibm_qiskit_opt1_120.qasm,eagle.txt,120,125,836,119,1164,2921,2204,695,5,1.4127577901999997,170448
STOCHASTIC,MQTBench,dj_nativegates_ibm_qiskit_opt1_120.qasm,eagle.txt,120,125,836,119,1142,2864,2147,676,6,1.4883113243999997,170452
STOCHASTIC,MQTBench,dj_nativegates_ibm_qiskit_opt1_120.qasm,eagle.txt,120,125,836,119,1218,3008,2291,724,7,1.4041376850000005,171512
STOCHASTIC,MQTBench,dj_nativegates_ibm_qiskit_opt1_120.qasm,eagle.txt,120,125,836,119,1208,2996,2279,720,8,1.4050178381999998,171308
STOCHASTIC,MQTBench,dj_nativegates_ibm_qiskit_opt1_120.qasm,eagle.txt,120,125,836,119,1185,2939,2222,701,9,1.4364107081999997,171236
STOCHASTIC,MQTBench,dj_nativegates_ibm_qiskit_opt1_120.qasm,eagle.txt,120,125,836,119,1186,2942,2225,702,10,1.4081719482,171480
STOCHASTIC,MQTBench,dj_nativegates_ibm_qiskit_opt1_120.qasm,eagle.txt,120,125,836,119,1208,2951,2234,705,11,1.6002872063999998,171816
STOCHASTIC,MQTBench,dj_nativegates_ibm_qiskit_opt1_120.qasm,eagle.txt,120,125,836,119,1169,2918,2201,694,12,1.4620720344,170568
STOCHASTIC,MQTBench,dj_nativegates_ibm_qiskit_opt1_120.qasm,eagle.txt,120,125,836,119,1183,2918,2201,694,13,1.4229876132000001,171492
STOCHASTIC,MQTBench,dj_nativegates_ibm_qiskit_opt1_120.qasm,eagle.txt,120,125,836,119,1187,2924,2207,696,14,1.4127846035999998,171228
STOCHASTIC,MQTBench,dj_nativegates_ibm_qiskit_opt1_120.qasm,eagle.txt,120,125,836,119,1156,2843,2126,669,15,1.3799755656,171340
STOCHASTIC,MQTBench,dj_nativegates_ibm_qiskit_opt1_120.qasm,eagle.txt,120,125,836,119,1141,2843,2126,669,16,1.4759430030000003,171492
STOCHASTIC,MQTBench,dj_nativegates_ibm_qiskit_opt1_120.qasm,eagle.txt,120,125,836,119,1158,2882,2165,682,17,1.4348775173999995,171528
STOCHASTIC,MQTBench,dj_nativegates_ibm_qiskit_opt1_120.qasm,eagle.txt,120,125,836,119,1186,2960,2243,708,18,1.4002509054000003,170544
STOCHASTIC,MQTBench,dj_nativegates_ibm_qiskit_opt1_120.qasm,eagle.txt,120,125,836,119,1190,2909,2192,691,19,1.5438496247999995,169928
STOCHASTIC,MQTBench,dj_nativegates_ibm_qiskit_opt1_120.qasm,eagle.txt,120,125,836,119,1234,2999,2282,721,20,1.5105093480000003,171844
STOCHASTIC,MQTBench,dj_nativegates_ibm_qiskit_opt1_120.qasm,eagle.txt,120,125,836,119,1160,2873,2156,679,21,1.4309186129999996,171468
STOCHASTIC,MQTBench,dj_nativegates_ibm_qiskit_opt1_120.qasm,eagle.txt,120,125,836,119,1175,2930,2213,698,22,1.3718210549999994,170500
STOCHASTIC,MQTBench,dj_nativegates_ibm_qiskit_opt1_120.qasm,eagle.txt,120,125,836,119,1189,2918,2201,694,23,1.4044855374000003,170720
STOCHASTIC,MQTBench,dj_nativegates_ibm_qiskit_opt1_120.qasm,eagle.txt,120,125,836,119,1220,3014,2297,726,24,1.4054700576,171884
STOCHASTIC,MQTBench,dj_nativegates_ibm_qiskit_opt1_120.qasm,eagle.txt,120,125,836,119,1199,2963,2246,709,25,1.4162998536000007,171484
STOCHASTIC,MQTBench,dj_nativegates_ibm_qiskit_opt1_120.qasm,eagle.txt,120,125,836,119,1214,3035,2318,733,26,1.4208877728,170724
STOCHASTIC,MQTBench,dj_nativegates_ibm_qiskit_opt1_120.qasm,eagle.txt,120,125,836,119,1174,2906,2189,690,27,1.3914197286,171252
STOCHASTIC,MQTBench,dj_nativegates_ibm_qiskit_opt1_120.qasm,eagle.txt,120,125,836,119,1223,2966,2249,710,28,1.8414263519999996,172316
STOCHASTIC,MQTBench,dj_nativegates_ibm_qiskit_opt1_120.qasm,eagle.txt,120,125,836,119,1166,2930,2213,698,29,1.4916432972000007,171752
STOCHASTIC,MQTBench,twolocalrandom_nativegates_ibm_qiskit_opt1_130.qasm,osprey.txt,130,533,27235,25155,19482,294106,292026,88957,0,692.5155465602875,500820
STOCHASTIC,MQTBench,twolocalrandom_nativegates_ibm_qiskit_opt1_130.qasm,osprey.txt,130,533,27235,25155,19697,301273,299193,91346,1,693.8930962085724,508808
STOCHASTIC,MQTBench,twolocalrandom_nativegates_ibm_qiskit_opt1_130.qasm,osprey.txt,130,533,27235,25155,20195,304495,302415,92420,2,697.6475303173065,505812
STOCHASTIC,MQTBench,twolocalrandom_nativegates_ibm_qiskit_opt1_130.qasm,osprey.txt,130,533,27235,25155,20696,308176,306096,93647,3,695.348016500473,502740
STOCHASTIC,MQTBench,twolocalrandom_nativegates_ibm_qiskit_opt1_130.qasm,osprey.txt,130,533,27235,25155,21241,309121,307041,93962,4,699.7404773235321,503656
STOCHASTIC,MQTBench,twolocalrandom_nativegates_ibm_qiskit_opt1_130.qasm,osprey.txt,130,533,27235,25155,21074,313285,311205,95350,5,697.368495464325,505208
STOCHASTIC,MQTBench,twolocalrandom_nativegates_ibm_qiskit_opt1_130.qasm,osprey.txt,130,533,27235,25155,20229,306835,304755,93200,6,691.3196623325348,506020
STOCHASTIC,MQTBench,twolocalrandom_nativegates_ibm_qiskit_opt1_130.qasm,osprey.txt,130,533,27235,25155,20638,310213,308133,94326,7,697.284646987915,503104
STOCHASTIC,MQTBench,twolocalrandom_nativegates_ibm_qiskit_opt1_130.qasm,osprey.txt,130,533,27235,25155,20572,309331,307251,94032,8,698.708075761795,502524
STOCHASTIC,MQTBench,twolocalrandom_nativegates_ibm_qiskit_opt1_130.qasm,osprey.txt,130,533,27235,25155,21947,318340,316260,97035,9,698.7715404033661,505076
STOCHASTIC,MQTBench,twolocalrandom_nativegates_ibm_qiskit_opt1_130.qasm,osprey.txt,130,533,27235,25155,19462,297760,295680,90175,10,692.3800783157349,502200
STOCHASTIC,MQTBench,twolocalrandom_nativegates_ibm_qiskit_opt1_130.qasm,osprey.txt,130,533,27235,25155,20000,303187,301107,91984,11,691.7283911705017,506092
STOCHASTIC,MQTBench,twolocalrandom_nativegates_ibm_qiskit_opt1_130.qasm,osprey.txt,130,533,27235,25155,19660,300958,298878,91241,12,699.8351092338562,508104
STOCHASTIC,MQTBench,twolocalrandom_nativegates_ibm_qiskit_opt1_130.qasm,osprey.txt,130,533,27235,25155,19071,299584,297504,90783,13,692.8277187347412,503300
STOCHASTIC,MQTBench,twolocalrandom_nativegates_ibm_qiskit_opt1_130.qasm,osprey.txt,130,533,27235,25155,20134,307138,305058,93301,14,680.2312350273132,502064
STOCHASTIC,MQTBench,twolocalrandom_nativegates_ibm_qiskit_opt1_130.qasm,osprey.txt,130,533,27235,25155,19696,301486,299406,91417,15,691.8425159454346,505284
STOCHASTIC,MQTBench,twolocalrandom_nativegates_ibm_qiskit_opt1_130.qasm,osprey.txt,130,533,27235,25155,19344,299614,297534,90793,16,695.5119750499725,504412
STOCHASTIC,MQTBench,twolocalrandom_nativegates_ibm_qiskit_opt1_130.qasm,osprey.txt,130,533,27235,25155,20447,301285,299205,91350,17,691.171334028244,503200
STOCHASTIC,MQTBench,twolocalrandom_nativegates_ibm_qiskit_opt1_130.qasm,osprey.txt,130,533,27235,25155,20445,303349,301269,92038,18,694.7137629985809,503704
STOCHASTIC,MQTBench,twolocalrandom_nativegates_ibm_qiskit_opt1_130.qasm,osprey.txt,130,533,27235,25155,18907,294670,292590,89145,19,691.7844874858856,504868
STOCHASTIC,MQTBench,twolocalrandom_nativegates_ibm_qiskit_opt1_130.qasm,osprey.txt,130,533,27235,25155,19480,297463,295383,90076,20,686.3086919784546,506128
STOCHASTIC,MQTBench,twolocalrandom_nativegates_ibm_qiskit_opt1_130.qasm,osprey.txt,130,533,27235,25155,19745,301828,299748,91531,21,692.7420117855072,505100
STOCHASTIC,MQTBench,twolocalrandom_nativegates_ibm_qiskit_opt1_130.qasm,osprey.txt,130,533,27235,25155,20264,303058,300978,91941,22,693.0091526508331,505504
STOCHASTIC,MQTBench,twolocalrandom_nativegates_ibm_qiskit_opt1_130.qasm,osprey.txt,130,533,27235,25155,19380,301036,298956,91267,23,690.2900557518005,503036
STOCHASTIC,MQTBench,twolocalrandom_nativegates_ibm_qiskit_opt1_130.qasm,osprey.txt,130,533,27235,25155,19603,300424,298344,91063,24,694.8104751110077,503312
STOCHASTIC,MQTBench,twolocalrandom_nativegates_ibm_qiskit_opt1_130.qasm,osprey.txt,130,533,27235,25155,19281,292177,290097,88314,25,689.700847864151,503352
STOCHASTIC,MQTBench,twolocalrandom_nativegates_ibm_qiskit_opt1_130.qasm,osprey.txt,130,533,27235,25155,19528,299080,297000,90615,26,683.0764718055725,502412
STOCHASTIC,MQTBench,twolocalrandom_nativegates_ibm_qiskit_opt1_130.qasm,osprey.txt,130,533,27235,25155,20326,306112,304032,92959,27,690.8117070198059,506532
STOCHASTIC,MQTBench,twolocalrandom_nativegates_ibm_qiskit_opt1_130.qasm,osprey.txt,130,533,27235,25155,20929,309388,307308,94051,28,694.4881279468536,504292
STOCHASTIC,MQTBench,twolocalrandom_nativegates_ibm_qiskit_opt1_130.qasm,osprey.txt,130,533,27235,25155,19139,301069,298989,91278,29,680.5079188346863,502328
STOCHASTIC,MQTBench,qnn_nativegates_ibm_qiskit_opt1_130.qasm,osprey.txt,130,1304,52259,33669,20073,304394,285804,84045,0,858.5394794940948,846984
STOCHASTIC,MQTBench,qnn_nativegates_ibm_qiskit_opt1_130.qasm,osprey.txt,130,1304,52259,33669,20662,304058,285468,83933,1,860.0282216072083,844732
STOCHASTIC,MQTBench,qnn_nativegates_ibm_qiskit_opt1_130.qasm,osprey.txt,130,1304,52259,33669,21125,304847,286257,84196,2,865.2589666843414,846676
STOCHASTIC,MQTBench,qnn_nativegates_ibm_qiskit_opt1_130.qasm,osprey.txt,130,1304,52259,33669,21674,310751,292161,86164,3,869.309849023819,845008
STOCHASTIC,MQTBench,qnn_nativegates_ibm_qiskit_opt1_130.qasm,osprey.txt,130,1304,52259,33669,20926,308594,290004,85445,4,868.9963021278381,843384
STOCHASTIC,MQTBench,qnn_nativegates_ibm_qiskit_opt1_130.qasm,osprey.txt,130,1304,52259,33669,21255,310499,291909,86080,5,861.4968316555023,848572
STOCHASTIC,MQTBench,qnn_nativegates_ibm_qiskit_opt1_130.qasm,osprey.txt,130,1304,52259,33669,21197,308828,290238,85523,6,857.7111556529999,845964
STOCHASTIC,MQTBench,qnn_nativegates_ibm_qiskit_opt1_130.qasm,osprey.txt,130,1304,52259,33669,20999,306218,287628,84653,7,858.6370778083801,845572
STOCHASTIC,MQTBench,qnn_nativegates_ibm_qiskit_opt1_130.qasm,osprey.txt,130,1304,52259,33669,21610,311210,292620,86317,8,856.8415441513062,847412
STOCHASTIC,MQTBench,qnn_nativegates_ibm_qiskit_opt1_130.qasm,osprey.txt,130,1304,52259,33669,20814,304121,285531,83954,9,858.2818064689636,844064
STOCHASTIC,MQTBench,qnn_nativegates_ibm_qiskit_opt1_130.qasm,osprey.txt,130,1304,52259,33669,22433,316916,298326,88219,10,861.3083791732788,842420
STOCHASTIC,MQTBench,qnn_nativegates_ibm_qiskit_opt1_130.qasm,osprey.txt,130,1304,52259,33669,20408,299921,281331,82554,11,853.1791343688965,841116
STOCHASTIC,MQTBench,qnn_nativegates_ibm_qiskit_opt1_130.qasm,osprey.txt,130,1304,52259,33669,20435,303152,284562,83631,12,862.6411716938019,845556
STOCHASTIC,MQTBench,qnn_nativegates_ibm_qiskit_opt1_130.qasm,osprey.txt,130,1304,52259,33669,21810,309122,290532,85621,13,852.2132658958435,848464
STOCHASTIC,MQTBench,qnn_nativegates_ibm_qiskit_opt1_130.qasm,osprey.txt,130,1304,52259,33669,21453,310394,291804,86045,14,852.8606672286987,847460
STOCHASTIC,MQTBench,qnn_nativegates_ibm_qiskit_opt1_130.qasm,osprey.txt,130,1304,52259,33669,20592,302129,283539,83290,15,857.2869749069214,844336
STOCHASTIC,MQTBench,qnn_nativegates_ibm_qiskit_opt1_130.qasm,osprey.txt,130,1304,52259,33669,21466,309533,290943,85758,16,860.8690621852875,848112
STOCHASTIC,MQTBench,qnn_nativegates_ibm_qiskit_opt1_130.qasm,osprey.txt,130,1304,52259,33669,21229,307373,288783,85038,17,867.5763161182404,843836
STOCHASTIC,MQTBench,qnn_nativegates_ibm_qiskit_opt1_130.qasm,osprey.txt,130,1304,52259,33669,20189,307904,289314,85215,18,842.7690951824188,844948
STOCHASTIC,MQTBench,qnn_nativegates_ibm_qiskit_opt1_130.qasm,osprey.txt,130,1304,52259,33669,20632,307010,288420,84917,19,855.2984426021576,845196
STOCHASTIC,MQTBench,qnn_nativegates_ibm_qiskit_opt1_130.qasm,osprey.txt,130,1304,52259,33669,20952,306365,287775,84702,20,865.0541474819183,843316
STOCHASTIC,MQTBench,qnn_nativegates_ibm_qiskit_opt1_130.qasm,osprey.txt,130,1304,52259,33669,21109,302726,284136,83489,21,866.882298707962,843696
STOCHASTIC,MQTBench,qnn_nativegates_ibm_qiskit_opt1_130.qasm,osprey.txt,130,1304,52259,33669,21169,308435,289845,85392,22,873.2235853672028,845048
STOCHASTIC,MQTBench,qnn_nativegates_ibm_qiskit_opt1_130.qasm,osprey.txt,130,1304,52259,33669,20639,308759,290169,85500,23,854.439032793045,845028
STOCHASTIC,MQTBench,qnn_nativegates_ibm_qiskit_opt1_130.qasm,osprey.txt,130,1304,52259,33669,20404,302510,283920,83417,24,862.9526476860046,845280
STOCHASTIC,MQTBench,qnn_nativegates_ibm_qiskit_opt1_130.qasm,osprey.txt,130,1304,52259,33669,20558,308702,290112,85481,25,864.4457879066467,844740
STOCHASTIC,MQTBench,qnn_nativegates_ibm_qiskit_opt1_130.qasm,osprey.txt,130,1304,52259,33669,22028,313514,294924,87085,26,871.0663495063782,849192
STOCHASTIC,MQTBench,qnn_nativegates_ibm_qiskit_opt1_130.qasm,osprey.txt,130,1304,52259,33669,20274,303251,284661,83664,27,845.6849827766418,845588
STOCHASTIC,MQTBench,qnn_nativegates_ibm_qiskit_opt1_130.qasm,osprey.txt,130,1304,52259,33669,20788,306836,288246,84859,28,865.7212767601013,843684
STOCHASTIC,MQTBench,qnn_nativegates_ibm_qiskit_opt1_130.qasm,osprey.txt,130,1304,52259,33669,20978,308477,289887,85406,29,855.7563230991364,845188
STOCHASTIC,MQTBench,dj_nativegates_ibm_qiskit_opt1_130.qasm,osprey.txt,130,135,906,129,1211,2982,2205,692,0,4.581848382949829,280944
STOCHASTIC,MQTBench,dj_nativegates_ibm_qiskit_opt1_130.qasm,osprey.txt,130,135,906,129,1146,2895,2118,663,1,4.21032190322876,281124
STOCHASTIC,MQTBench,dj_nativegates_ibm_qiskit_opt1_130.qasm,osprey.txt,130,135,906,129,1127,2874,2097,656,2,4.247773885726929,281372
STOCHASTIC,MQTBench,dj_nativegates_ibm_qiskit_opt1_130.qasm,osprey.txt,130,135,906,129,1164,2958,2181,684,3,4.267846345901489,281124
STOCHASTIC,MQTBench,dj_nativegates_ibm_qiskit_opt1_130.qasm,osprey.txt,130,135,906,129,1145,2904,2127,666,4,4.264530181884766,280608
STOCHASTIC,MQTBench,dj_nativegates_ibm_qiskit_opt1_130.qasm,osprey.txt,130,135,906,129,1151,2952,2175,682,5,4.172478437423706,281276
STOCHASTIC,MQTBench,dj_nativegates_ibm_qiskit_opt1_130.qasm,osprey.txt,130,135,906,129,1148,2913,2136,669,6,4.267096757888794,281824
STOCHASTIC,MQTBench,dj_nativegates_ibm_qiskit_opt1_130.qasm,osprey.txt,130,135,906,129,1212,3024,2247,706,7,4.243454217910767,281048
STOCHASTIC,MQTBench,dj_nativegates_ibm_qiskit_opt1_130.qasm,osprey.txt,130,135,906,129,1200,2988,2211,694,8,4.189428806304932,280348
STOCHASTIC,MQTBench,dj_nativegates_ibm_qiskit_opt1_130.qasm,osprey.txt,130,135,906,129,1161,2949,2172,681,9,4.074911832809448,280268
STOCHASTIC,MQTBench,dj_nativegates_ibm_qiskit_opt1_130.qasm,osprey.txt,130,135,906,129,1178,2931,2154,675,10,4.241659879684448,280800
STOCHASTIC,MQTBench,dj_nativegates_ibm_qiskit_opt1_130.qasm,osprey.txt,130,135,906,129,1176,2976,2199,690,11,4.098568439483643,280888
STOCHASTIC,MQTBench,dj_nativegates_ibm_qiskit_opt1_130.qasm,osprey.txt,130,135,906,129,1199,3018,2241,704,12,4.292967319488525,281180
STOCHASTIC,MQTBench,dj_nativegates_ibm_qiskit_opt1_130.qasm,osprey.txt,130,135,906,129,1163,2952,2175,682,13,4.250463485717773,281372
STOCHASTIC,MQTBench,dj_nativegates_ibm_qiskit_opt1_130.qasm,osprey.txt,130,135,906,129,1134,2919,2142,671,14,4.353815078735352,281164
STOCHASTIC,MQTBench,dj_nativegates_ibm_qiskit_opt1_130.qasm,osprey.txt,130,135,906,129,1187,2982,2205,692,15,4.230280637741089,281036
STOCHASTIC,MQTBench,dj_nativegates_ibm_qiskit_opt1_130.qasm,osprey.txt,130,135,906,129,1161,2925,2148,673,16,4.128530740737915,280700
STOCHASTIC,MQTBench,dj_nativegates_ibm_qiskit_opt1_130.qasm,osprey.txt,130,135,906,129,1114,2850,2073,648,17,4.132861614227295,280024
STOCHASTIC,MQTBench,dj_nativegates_ibm_qiskit_opt1_130.qasm,osprey.txt,130,135,906,129,1181,2985,2208,693,18,4.277093410491943,280596
STOCHASTIC,MQTBench,dj_nativegates_ibm_qiskit_opt1_130.qasm,osprey.txt,130,135,906,129,1206,3000,2223,698,19,4.094604253768921,280352
STOCHASTIC,MQTBench,dj_nativegates_ibm_qiskit_opt1_130.qasm,osprey.txt,130,135,906,129,1179,2952,2175,682,20,4.17399525642395,281040
STOCHASTIC,MQTBench,dj_nativegates_ibm_qiskit_opt1_130.qasm,osprey.txt,130,135,906,129,1198,3009,2232,701,21,4.152580738067627,279852
STOCHASTIC,MQTBench,dj_nativegates_ibm_qiskit_opt1_130.qasm,osprey.txt,130,135,906,129,1211,2979,2202,691,22,4.165600061416626,281080
STOCHASTIC,MQTBench,dj_nativegates_ibm_qiskit_opt1_130.qasm,osprey.txt,130,135,906,129,1158,2907,2130,667,23,4.289336919784546,281472
STOCHASTIC,MQTBench,dj_nativegates_ibm_qiskit_opt1_130.qasm,osprey.txt,130,135,906,129,1170,2946,2169,680,24,4.289261341094971,280828
STOCHASTIC,MQTBench,dj_nativegates_ibm_qiskit_opt1_130.qasm,osprey.txt,130,135,906,129,1203,2988,2211,694,25,4.225056171417236,279560
STOCHASTIC,MQTBench,dj_nativegates_ibm_qiskit_opt1_130.qasm,osprey.txt,130,135,906,129,1216,3021,2244,705,26,4.215648412704468,280788
STOCHASTIC,MQTBench,dj_nativegates_ibm_qiskit_opt1_130.qasm,osprey.txt,130,135,906,129,1133,2889,2112,661,27,4.203809499740601,280056
STOCHASTIC,MQTBench,dj_nativegates_ibm_qiskit_opt1_130.qasm,osprey.txt,130,135,906,129,1181,2970,2193,688,28,4.259406089782715,281084
STOCHASTIC,MQTBench,dj_nativegates_ibm_qiskit_opt1_130.qasm,osprey.txt,130,135,906,129,1152,2925,2148,673,29,4.102593183517456,280568
STOCHASTIC,QASMBench,adder_n64_transpiled.qasm,aspen.txt,64,461,1156,455,1313,3640,2939,828,0,4.759375536,182072
STOCHASTIC,QASMBench,adder_n64_transpiled.qasm,aspen.txt,64,461,1156,455,1130,3238,2537,694,1,4.527710029800001,181808
STOCHASTIC,QASMBench,adder_n64_transpiled.qasm,aspen.txt,64,461,1156,455,1196,3364,2663,736,2,4.702322736,181804
STOCHASTIC,QASMBench,adder_n64_transpiled.qasm,aspen.txt,64,461,1156,455,1227,3415,2714,753,3,4.645573965,181760
STOCHASTIC,QASMBench,adder_n64_transpiled.qasm,aspen.txt,64,461,1156,455,1183,3424,2723,756,4,4.652815186799999,181108
STOCHASTIC,QASMBench,adder_n64_transpiled.qasm,aspen.txt,64,461,1156,455,1158,3346,2645,730,5,4.5578410272,182244
STOCHASTIC,QASMBench,adder_n64_transpiled.qasm,aspen.txt,64,461,1156,455,1356,3883,3182,909,6,4.9459878822,181668
STOCHASTIC,QASMBench,adder_n64_transpiled.qasm,aspen.txt,64,461,1156,455,1127,3295,2594,713,7,4.6734723816,181440
STOCHASTIC,QASMBench,adder_n64_transpiled.qasm,aspen.txt,64,461,1156,455,1257,3523,2822,789,8,4.7418290376,182980
STOCHASTIC,QASMBench,adder_n64_transpiled.qasm,aspen.txt,64,461,1156,455,1175,3370,2669,738,9,4.675657366199999,182476
STOCHASTIC,QASMBench,adder_n64_transpiled.qasm,aspen.txt,64,461,1156,455,1469,4051,3350,965,10,5.0549967030000005,181448
STOCHASTIC,QASMBench,adder_n64_transpiled.qasm,aspen.txt,64,461,1156,455,1467,4069,3368,971,11,5.076329121600001,181960
STOCHASTIC,QASMBench,adder_n64_transpiled.qasm,aspen.txt,64,461,1156,455,1468,3982,3281,942,12,5.068187012399999,181948
STOCHASTIC,QASMBench,adder_n64_transpiled.qasm,aspen.txt,64,461,1156,455,1197,3448,2747,764,13,4.7147960778,181960
STOCHASTIC,QASMBench,adder_n64_transpiled.qasm,aspen.txt,64,461,1156,455,1214,3427,2726,757,14,4.7987124132,182220
STOCHASTIC,QASMBench,adder_n64_transpiled.qasm,aspen.txt,64,461,1156,455,1170,3352,2651,732,15,4.634303135999999,181964
STOCHASTIC,QASMBench,adder_n64_transpiled.qasm,aspen.txt,64,461,1156,455,1231,3388,2687,744,16,4.714926987599999,182016
STOCHASTIC,QASMBench,adder_n64_transpiled.qasm,aspen.txt,64,461,1156,455,1477,4030,3329,958,17,4.9837140786,182228
STOCHASTIC,QASMBench,adder_n64_transpiled.qasm,aspen.txt,64,461,1156,455,1088,3274,2573,706,18,4.594670889,181704
STOCHASTIC,QASMBench,adder_n64_transpiled.qasm,aspen.txt,64,461,1156,455,1267,3580,2879,808,19,4.6679882358,182220
STOCHASTIC,QASMBench,adder_n64_transpiled.qasm,aspen.txt,64,461,1156,455,1336,3775,3074,873,20,5.0407248432000005,181464
STOCHASTIC,QASMBench,adder_n64_transpiled.qasm,aspen.txt,64,461,1156,455,1214,3433,2732,759,21,4.7138736582,181960
STOCHASTIC,QASMBench,adder_n64_transpiled.qasm,aspen.txt,64,461,1156,455,1549,4129,3428,991,22,5.205033411,181960
STOCHASTIC,QASMBench,adder_n64_transpiled.qasm,aspen.txt,64,461,1156,455,1371,3832,3131,892,23,4.993203798599999,181452
STOCHASTIC,QASMBench,adder_n64_transpiled.qasm,aspen.txt,64,461,1156,455,1256,3607,2906,817,24,4.7312026176,182444
STOCHASTIC,QASMBench,adder_n64_transpiled.qasm,aspen.txt,64,461,1156,455,1199,3460,2759,768,25,4.7310198113999995,181968
STOCHASTIC,QASMBench,adder_n64_transpiled.qasm,aspen.txt,64,461,1156,455,1136,3337,2636,727,26,4.718767495800001,181708
STOCHASTIC,QASMBench,adder_n64_transpiled.qasm,aspen.txt,64,461,1156,455,1194,3394,2693,746,27,4.7585504406,181844
STOCHASTIC,QASMBench,adder_n64_transpiled.qasm,aspen.txt,64,461,1156,455,1194,3382,2681,742,28,4.6379693826,182724
STOCHASTIC,QASMBench,adder_n64_transpiled.qasm,aspen.txt,64,461,1156,455,1176,3418,2717,754,29,4.7602681494,181960
STOCHASTIC,QASMBench,adder_n118_transpiled.qasm,eagle.txt,118,803,2146,845,3109,9274,7973,2376,0,9.5867767074,243788
STOCHASTIC,QASMBench,adder_n118_transpiled.qasm,eagle.txt,118,803,2146,845,3119,9367,8066,2407,1,9.4490755974,243068
STOCHASTIC,QASMBench,adder_n118_transpiled.qasm,eagle.txt,118,803,2146,845,3003,9400,8099,2418,2,9.3958575132,243016
STOCHASTIC,QASMBench,adder_n118_transpiled.qasm,eagle.txt,118,803,2146,845,3010,9034,7733,2296,3,9.211401879,242284
STOCHASTIC,QASMBench,adder_n118_transpiled.qasm,eagle.txt,118,803,2146,845,2912,8785,7484,2213,4,9.000246458399998,242656
STOCHASTIC,QASMBench,adder_n118_transpiled.qasm,eagle.txt,118,803,2146,845,2981,9130,7829,2328,5,9.0607201344,241560
STOCHASTIC,QASMBench,adder_n118_transpiled.qasm,eagle.txt,118,803,2146,845,3062,9298,7997,2384,6,9.5248380486,243596
STOCHASTIC,QASMBench,adder_n118_transpiled.qasm,eagle.txt,118,803,2146,845,3066,9202,7901,2352,7,9.161998868399998,243088
STOCHASTIC,QASMBench,adder_n118_transpiled.qasm,eagle.txt,118,803,2146,845,3100,9565,8264,2473,8,9.219319510799998,242580
STOCHASTIC,QASMBench,adder_n118_transpiled.qasm,eagle.txt,118,803,2146,845,3140,9616,8315,2490,9,9.1461930612,242580
STOCHASTIC,QASMBench,adder_n118_transpiled.qasm,eagle.txt,118,803,2146,845,3212,9559,8258,2471,10,9.2676558492,242840
STOCHASTIC,QASMBench,adder_n118_transpiled.qasm,eagle.txt,118,803,2146,845,2912,8965,7664,2273,11,9.118942088399999,242580
STOCHASTIC,QASMBench,adder_n118_transpiled.qasm,eagle.txt,118,803,2146,845,3035,9373,8072,2409,12,9.2781146124,242180
STOCHASTIC,QASMBench,adder_n118_transpiled.qasm,eagle.txt,118,803,2146,845,3028,9517,8216,2457,13,9.121263849,243344
STOCHASTIC,QASMBench,adder_n118_transpiled.qasm,eagle.txt,118,803,2146,845,3072,9430,8129,2428,14,9.196934196,243348
STOCHASTIC,QASMBench,adder_n118_transpiled.qasm,eagle.txt,118,803,2146,845,3050,9325,8024,2393,15,9.0716887698,242480
STOCHASTIC,QASMBench,adder_n118_transpiled.qasm,eagle.txt,118,803,2146,845,3117,9418,8117,2424,16,9.0895213926,242220
STOCHASTIC,QASMBench,adder_n118_transpiled.qasm,eagle.txt,118,803,2146,845,2921,8974,7673,2276,17,9.0422671998,242184
STOCHASTIC,QASMBench,adder_n118_transpiled.qasm,eagle.txt,118,803,2146,845,3021,9187,7886,2347,18,9.188274888599999,242004
STOCHASTIC,QASMBench,adder_n118_transpiled.qasm,eagle.txt,118,803,2146,845,2987,9280,7979,2378,19,9.0842025588,243016
STOCHASTIC,QASMBench,adder_n118_transpiled.qasm,eagle.txt,118,803,2146,845,2756,8776,7475,2210,20,9.0254950998,242304
STOCHASTIC,QASMBench,adder_n118_transpiled.qasm,eagle.txt,118,803,2146,845,3058,9382,8081,2412,21,9.448928642399999,243876
STOCHASTIC,QASMBench,adder_n118_transpiled.qasm,eagle.txt,118,803,2146,845,3031,9364,8063,2406,22,9.2905698624,242572
STOCHASTIC,QASMBench,adder_n118_transpiled.qasm,eagle.txt,118,803,2146,845,3173,9508,8207,2454,23,9.130999778399998,242568
STOCHASTIC,QASMBench,adder_n118_transpiled.qasm,eagle.txt,118,803,2146,845,2965,9277,7976,2377,24,9.267156441,242624
STOCHASTIC,QASMBench,adder_n118_transpiled.qasm,eagle.txt,118,803,2146,845,3124,9697,8396,2517,25,9.2995843698,242952
STOCHASTIC,QASMBench,adder_n118_transpiled.qasm,eagle.txt,118,803,2146,845,2850,8968,7667,2274,26,8.959426514399999,242560
STOCHASTIC,QASMBench,adder_n118_transpiled.qasm,eagle.txt,118,803,2146,845,3068,9334,8033,2396,27,9.3525176754,242832
STOCHASTIC,QASMBench,adder_n118_transpiled.qasm,eagle.txt,118,803,2146,845,2929,9193,7892,2349,28,9.156517785599998,242824
STOCHASTIC,QASMBench,adder_n118_transpiled.qasm,eagle.txt,118,803,2146,845,3005,9382,8081,2412,29,9.2231812992,241556
STOCHASTIC,QASMBench,multiplier_n75_transpiled.qasm,aspen.txt,75,6928,15767,6510,18576,47447,38190,10560,0,35.957027498399995,648528
STOCHASTIC,QASMBench,multiplier_n75_transpiled.qasm,aspen.txt,75,6928,15767,6510,18276,46799,37542,10344,1,36.080463093,649328
STOCHASTIC,QASMBench,multiplier_n75_transpiled.qasm,aspen.txt,75,6928,15767,6510,18090,45866,36609,10033,2,35.255919273,648532
STOCHASTIC,QASMBench,multiplier_n75_transpiled.qasm,aspen.txt,75,6928,15767,6510,18650,46640,37383,10291,3,36.087090871799994,648532
STOCHASTIC,QASMBench,multiplier_n75_transpiled.qasm,aspen.txt,75,6928,15767,6510,18134,46190,36933,10141,4,38.1599750472,648284
STOCHASTIC,QASMBench,multiplier_n75_transpiled.qasm,aspen.txt,75,6928,15767,6510,18436,46559,37302,10264,5,36.525870123,649832
STOCHASTIC,QASMBench,multiplier_n75_transpiled.qasm,aspen.txt,75,6928,15767,6510,18004,45686,36429,9973,6,35.859467007599996,648732
STOCHASTIC,QASMBench,multiplier_n75_transpiled.qasm,aspen.txt,75,6928,15767,6510,18882,48089,38832,10774,7,36.7495183962,649360
STOCHASTIC,QASMBench,multiplier_n75_transpiled.qasm,aspen.txt,75,6928,15767,6510,18381,47147,37890,10460,8,36.7949886444,648548
STOCHASTIC,QASMBench,multiplier_n75_transpiled.qasm,aspen.txt,75,6928,15767,6510,18509,46610,37353,10281,9,36.19955126399999,650008
STOCHASTIC,QASMBench,multiplier_n75_transpiled.qasm,aspen.txt,75,6928,15767,6510,17969,46076,36819,10103,10,36.092587450799996,649240
STOCHASTIC,QASMBench,multiplier_n75_transpiled.qasm,aspen.txt,75,6928,15767,6510,18020,46016,36759,10083,11,36.0276867954,649836
STOCHASTIC,QASMBench,multiplier_n75_transpiled.qasm,aspen.txt,75,6928,15767,6510,18070,45806,36549,10013,12,36.0214643358,649240
STOCHASTIC,QASMBench,multiplier_n75_transpiled.qasm,aspen.txt,75,6928,15767,6510,18765,47168,37911,10467,13,36.58334268659999,650084
STOCHASTIC,QASMBench,multiplier_n75_transpiled.qasm,aspen.txt,75,6928,15767,6510,18146,46754,37497,10329,14,35.784270223200004,649768
STOCHASTIC,QASMBench,multiplier_n75_transpiled.qasm,aspen.txt,75,6928,15767,6510,18445,46535,37278,10256,15,36.1254533928,649244
STOCHASTIC,QASMBench,multiplier_n75_transpiled.qasm,aspen.txt,75,6928,15767,6510,18231,46001,36744,10078,16,36.2150980578,648472
STOCHASTIC,QASMBench,multiplier_n75_transpiled.qasm,aspen.txt,75,6928,15767,6510,18302,46301,37044,10178,17,36.348960594000005,649240
STOCHASTIC,QASMBench,multiplier_n75_transpiled.qasm,aspen.txt,75,6928,15767,6510,18595,46802,37545,10345,18,35.667283103399996,649836
STOCHASTIC,QASMBench,multiplier_n75_transpiled.qasm,aspen.txt,75,6928,15767,6510,18936,47807,38550,10680,19,36.2407565286,649832
STOCHASTIC,QASMBench,multiplier_n75_transpiled.qasm,aspen.txt,75,6928,15767,6510,18767,47192,37935,10475,20,36.5350835928,649580
STOCHASTIC,QASMBench,multiplier_n75_transpiled.qasm,aspen.txt,75,6928,15767,6510,17883,45152,35895,9795,21,35.45758839,648472
STOCHASTIC,QASMBench,multiplier_n75_transpiled.qasm,aspen.txt,75,6928,15767,6510,18627,46922,37665,10385,22,35.949997542,648992
STOCHASTIC,QASMBench,multiplier_n75_transpiled.qasm,aspen.txt,75,6928,15767,6510,17997,45668,36411,9967,23,35.7395180376,648992
STOCHASTIC,QASMBench,multiplier_n75_transpiled.qasm,aspen.txt,75,6928,15767,6510,19421,49205,39948,11146,24,37.126370452799996,649576
STOCHASTIC,QASMBench,multiplier_n75_transpiled.qasm,aspen.txt,75,6928,15767,6510,17195,43910,34653,9381,25,35.304400152599996,649836
STOCHASTIC,QASMBench,multiplier_n75_transpiled.qasm,aspen.txt,75,6928,15767,6510,17681,44627,35370,9620,26,35.9961687282,649340
STOCHASTIC,QASMBench,multiplier_n75_transpiled.qasm,aspen.txt,75,6928,15767,6510,17987,45083,35826,9772,27,35.565144519,648216
STOCHASTIC,QASMBench,multiplier_n75_transpiled.qasm,aspen.txt,75,6928,15767,6510,17873,45512,36255,9915,28,35.7314715384,649572
STOCHASTIC,QASMBench,multiplier_n75_transpiled.qasm,aspen.txt,75,6928,15767,6510,19197,48308,39051,10847,29,36.2723493318,649240
STOCHASTIC,QASMBench,adder_n433_transpiled.qasm,osprey.txt,433,2798,7921,3120,14248,53965,49164,15348,0,140.52002207339999,1366764
STOCHASTIC,QASMBench,adder_n433_transpiled.qasm,osprey.txt,433,2798,7921,3120,14635,54652,49851,15577,1,139.0269352542,1391516
STOCHASTIC,QASMBench,adder_n433_transpiled.qasm,osprey.txt,433,2798,7921,3120,15327,56155,51354,16078,2,137.173546593,1367244
STOCHASTIC,QASMBench,adder_n433_transpiled.qasm,osprey.txt,433,2798,7921,3120,14464,54082,49281,15387,3,140.591771004,1388252
STOCHASTIC,QASMBench,adder_n433_transpiled.qasm,osprey.txt,433,2798,7921,3120,14459,53950,49149,15343,4,138.7571324148,1389868
STOCHASTIC,VeriQBench,gf2^32mult_1117_5213.qasm,eagle.txt,96,1069,13720,6237,7447,55819,48336,14033,0,40.977617360400004,294600
STOCHASTIC,VeriQBench,gf2^32mult_1117_5213.qasm,eagle.txt,96,1069,13720,6237,7335,55825,48342,14035,1,37.897924817399996,295148
STOCHASTIC,VeriQBench,gf2^32mult_1117_5213.qasm,eagle.txt,96,1069,13720,6237,7182,54088,46605,13456,2,36.1016875746,293620
STOCHASTIC,VeriQBench,gf2^32mult_1117_5213.qasm,eagle.txt,96,1069,13720,6237,7378,55642,48159,13974,3,34.8759710922,294120
STOCHASTIC,VeriQBench,gf2^32mult_1117_5213.qasm,eagle.txt,96,1069,13720,6237,7090,54967,47484,13749,4,37.20243234,294116
STOCHASTIC,VeriQBench,gf2^32mult_1117_5213.qasm,eagle.txt,96,1069,13720,6237,7456,55627,48144,13969,5,37.2127108698,294376
STOCHASTIC,VeriQBench,gf2^32mult_1117_5213.qasm,eagle.txt,96,1069,13720,6237,7620,56062,48579,14114,6,39.539512461,294628
STOCHASTIC,VeriQBench,gf2^32mult_1117_5213.qasm,eagle.txt,96,1069,13720,6237,7389,54823,47340,13701,7,36.62774870639999,294388
STOCHASTIC,VeriQBench,gf2^32mult_1117_5213.qasm,eagle.txt,96,1069,13720,6237,7449,53971,46488,13417,8,39.245766096,294420
STOCHASTIC,VeriQBench,gf2^32mult_1117_5213.qasm,eagle.txt,96,1069,13720,6237,6940,52405,44922,12895,9,35.6614504398,294648
STOCHASTIC,VeriQBench,gf2^32mult_1117_5213.qasm,eagle.txt,96,1069,13720,6237,7593,57538,50055,14606,10,39.6967845084,293360
STOCHASTIC,VeriQBench,gf2^32mult_1117_5213.qasm,eagle.txt,96,1069,13720,6237,7721,56605,49122,14295,11,39.337323007799995,293196
STOCHASTIC,VeriQBench,gf2^32mult_1117_5213.qasm,eagle.txt,96,1069,13720,6237,7457,57079,49596,14453,12,42.4475135316,293460
STOCHASTIC,VeriQBench,gf2^32mult_1117_5213.qasm,eagle.txt,96,1069,13720,6237,7159,53668,46185,13316,13,36.24650465759999,294884
STOCHASTIC,VeriQBench,gf2^32mult_1117_5213.qasm,eagle.txt,96,1069,13720,6237,7871,57628,50145,14636,14,40.1063521728,293620
STOCHASTIC,VeriQBench,gf2^32mult_1117_5213.qasm,eagle.txt,96,1069,13720,6237,7343,54925,47442,13735,15,37.144174908,293336
STOCHASTIC,VeriQBench,gf2^32mult_1117_5213.qasm,eagle.txt,96,1069,13720,6237,8009,57898,50415,14726,16,41.769288651,293588
STOCHASTIC,VeriQBench,gf2^32mult_1117_5213.qasm,eagle.txt,96,1069,13720,6237,7652,57265,49782,14515,17,39.766257793200005,295412
STOCHASTIC,VeriQBench,gf2^32mult_1117_5213.qasm,eagle.txt,96,1069,13720,6237,7527,56161,48678,14147,18,36.201852795,295136
STOCHASTIC,VeriQBench,gf2^32mult_1117_5213.qasm,eagle.txt,96,1069,13720,6237,6953,53296,45813,13192,19,34.8264758436,294128
STOCHASTIC,VeriQBench,gf2^32mult_1117_5213.qasm,eagle.txt,96,1069,13720,6237,6825,52489,45006,12923,20,34.891097999399996,295388
STOCHASTIC,VeriQBench,gf2^32mult_1117_5213.qasm,eagle.txt,96,1069,13720,6237,6904,54898,47415,13726,21,34.0297078602,296696
STOCHASTIC,VeriQBench,gf2^32mult_1117_5213.qasm,eagle.txt,96,1069,13720,6237,7788,57031,49548,14437,22,40.3283916822,293452
STOCHASTIC,VeriQBench,gf2^32mult_1117_5213.qasm,eagle.txt,96,1069,13720,6237,7437,55063,47580,13781,23,37.1536491324,293808
STOCHASTIC,VeriQBench,gf2^32mult_1117_5213.qasm,eagle.txt,96,1069,13720,6237,6981,53416,45933,13232,24,35.6681938668,295144
STOCHASTIC,VeriQBench,gf2^32mult_1117_5213.qasm,eagle.txt,96,1069,13720,6237,6827,51880,44397,12720,25,34.465922406,294364
STOCHASTIC,VeriQBench,gf2^32mult_1117_5213.qasm,eagle.txt,96,1069,13720,6237,6985,52825,45342,13035,26,36.3482578842,294356
STOCHASTIC,VeriQBench,gf2^32mult_1117_5213.qasm,eagle.txt,96,1069,13720,6237,6914,53686,46203,13322,27,36.1492025472,294616
STOCHASTIC,VeriQBench,gf2^32mult_1117_5213.qasm,eagle.txt,96,1069,13720,6237,7246,54847,47364,13709,28,38.1132662064,294360
STOCHASTIC,VeriQBench,gf2^32mult_1117_5213.qasm,eagle.txt,96,1069,13720,6237,6819,52924,45441,13068,29,31.9679384544,294276
STOCHASTIC,VeriQBench,gf2^32mult_1117_5213.qasm,eagle.txt,96,1069,13720,6237,7252,54751,47268,13677,30,40.197937103399994,294376
STOCHASTIC,VeriQBench,gf2^64mult_4285_20669.qasm,osprey.txt,192,2157,54072,24765,16691,207975,178668,51301,0,979.2017623254,1185780
STOCHASTIC,VeriQBench,gf2^64mult_4285_20669.qasm,osprey.txt,192,2157,54072,24765,17509,218574,189267,54834,1,1137.8933110835999,1179288
STOCHASTIC,VeriQBench,gf2^64mult_4285_20669.qasm,osprey.txt,192,2157,54072,24765,17210,209367,180060,51765,2,969.2613439433999,1176452
STOCHASTIC,VeriQBench,gf2^64mult_4285_20669.qasm,osprey.txt,192,2157,54072,24765,17486,214716,185409,53548,3,995.3214269706,1178740
STOCHASTIC,VeriQBench,gf2^64mult_4285_20669.qasm,osprey.txt,192,2157,54072,24765,18409,222303,192996,56077,4,1109.2713048732,1178768
STOCHASTIC,VeriQBench,gf2^128mult_16765_82301.qasm,osprey.txt,384,4331,214648,98685,44228,871201,755238,218851,0,5376.4482214812,2344572
STOCHASTIC,VeriQBench,gf2^128mult_16765_82301.qasm,osprey.txt,384,4331,214648,98685,45444,897457,781494,227603,1,5810.267115249,2344008
STOCHASTIC,VeriQBench,gf2^128mult_16765_82301.qasm,osprey.txt,384,4331,214648,98685,43820,871078,755115,218810,2,5711.6661961716,2335960
STOCHASTIC,VeriQBench,gf2^128mult_16765_82301.qasm,osprey.txt,384,4331,214648,98685,46720,916912,800949,234088,3,5809.562682239401,2331328
STOCHASTIC,VeriQBench,gf2^128mult_16765_82301.qasm,osprey.txt,384,4331,214648,98685,44347,877555,761592,220969,4,5640.8605123194,2330424
STOCHASTIC,QASMBench,knn_n67_transpiled.qasm,aspen.txt,67,277,930,264,944,3078,2412,716,0,2.3460445404052734,169380
STOCHASTIC,QASMBench,knn_n67_transpiled.qasm,aspen.txt,67,277,930,264,993,3138,2472,736,1,2.2323079109191895,169380
STOCHASTIC,QASMBench,knn_n67_transpiled.qasm,aspen.txt,67,277,930,264,876,3018,2352,696,2,2.2370667457580566,169124
STOCHASTIC,QASMBench,knn_n67_transpiled.qasm,aspen.txt,67,277,930,264,980,3366,2700,812,3,2.33260440826416,169244
STOCHASTIC,QASMBench,knn_n67_transpiled.qasm,aspen.txt,67,277,930,264,974,3153,2487,741,4,2.3420627117156982,169136
STOCHASTIC,QASMBench,knn_n67_transpiled.qasm,aspen.txt,67,277,930,264,650,2139,1473,403,5,2.0159964561462402,168612
STOCHASTIC,QASMBench,knn_n67_transpiled.qasm,aspen.txt,67,277,930,264,854,3039,2373,703,6,2.3597450256347656,169132
STOCHASTIC,QASMBench,knn_n67_transpiled.qasm,aspen.txt,67,277,930,264,961,3150,2484,740,7,2.3735191822052,169080
STOCHASTIC,QASMBench,knn_n67_transpiled.qasm,aspen.txt,67,277,930,264,986,3105,2439,725,8,2.3830342292785645,169128
STOCHASTIC,QASMBench,knn_n67_transpiled.qasm,aspen.txt,67,277,930,264,938,3138,2472,736,9,2.382068634033203,169136
STOCHASTIC,QASMBench,knn_n67_transpiled.qasm,aspen.txt,67,277,930,264,978,3249,2583,773,10,2.3553810119628906,169240
STOCHASTIC,QASMBench,knn_n67_transpiled.qasm,aspen.txt,67,277,930,264,910,3060,2394,710,11,2.327763795852661,169124
STOCHASTIC,QASMBench,knn_n67_transpiled.qasm,aspen.txt,67,277,930,264,846,2964,2298,678,12,2.3078136444091797,169376
STOCHASTIC,QASMBench,knn_n67_transpiled.qasm,aspen.txt,67,277,930,264,946,3240,2574,770,13,2.296267032623291,169124
STOCHASTIC,QASMBench,knn_n67_transpiled.qasm,aspen.txt,67,277,930,264,899,3147,2481,739,14,2.3444604873657227,169504
STOCHASTIC,QASMBench,knn_n67_transpiled.qasm,aspen.txt,67,277,930,264,1009,3252,2586,774,15,2.3821849822998047,169396
STOCHASTIC,QASMBench,knn_n67_transpiled.qasm,aspen.txt,67,277,930,264,718,2256,1590,442,16,2.0831358432769775,169380
STOCHASTIC,QASMBench,knn_n67_transpiled.qasm,aspen.txt,67,277,930,264,1049,3309,2643,793,17,2.287106990814209,169376
STOCHASTIC,QASMBench,knn_n67_transpiled.qasm,aspen.txt,67,277,930,264,1023,3270,2604,780,18,2.3131628036499023,169124
STOCHASTIC,QASMBench,knn_n67_transpiled.qasm,aspen.txt,67,277,930,264,961,3105,2439,725,19,2.3214690685272217,168884
STOCHASTIC,QASMBench,knn_n67_transpiled.qasm,aspen.txt,67,277,930,264,883,2907,2241,659,20,2.2988550662994385,169140
STOCHASTIC,QASMBench,knn_n67_transpiled.qasm,aspen.txt,67,277,930,264,856,2883,2217,651,21,2.1784183979034424,169128
STOCHASTIC,QASMBench,knn_n67_transpiled.qasm,aspen.txt,67,277,930,264,949,3189,2523,753,22,2.327446699142456,169040
STOCHASTIC,QASMBench,knn_n67_transpiled.qasm,aspen.txt,67,277,930,264,904,3096,2430,722,23,2.350984573364258,168864
STOCHASTIC,QASMBench,knn_n67_transpiled.qasm,aspen.txt,67,277,930,264,926,3072,2406,714,24,2.36191463470459,168868
STOCHASTIC,QASMBench,knn_n67_transpiled.qasm,aspen.txt,67,277,930,264,924,3087,2421,719,25,2.3317677974700928,169144
STOCHASTIC,QASMBench,knn_n67_transpiled.qasm,aspen.txt,67,277,930,264,862,3021,2355,697,26,2.308654546737671,168860
STOCHASTIC,QASMBench,knn_n67_transpiled.qasm,aspen.txt,67,277,930,264,992,3315,2649,795,27,2.3203766345977783,169132
STOCHASTIC,QASMBench,knn_n67_transpiled.qasm,aspen.txt,67,277,930,264,878,2928,2262,666,28,2.2863240242004395,169652
STOCHASTIC,QASMBench,knn_n67_transpiled.qasm,aspen.txt,67,277,930,264,864,3030,2364,700,29,2.296846389770508,169116
STOCHASTIC,QASMBench,knn_129_transpiled.qasm,osprey.txt,129,525,1798,512,2321,8428,7142,2210,0,15.100188970565796,445444
STOCHASTIC,QASMBench,knn_129_transpiled.qasm,osprey.txt,129,525,1798,512,2405,8416,7130,2206,1,14.732237577438354,445908
STOCHASTIC,QASMBench,knn_129_transpiled.qasm,osprey.txt,129,525,1798,512,2408,8206,6920,2136,2,14.663760900497437,447556
STOCHASTIC,QASMBench,knn_129_transpiled.qasm,osprey.txt,129,525,1798,512,2441,8488,7202,2230,3,14.602732181549072,443876
STOCHASTIC,QASMBench,knn_129_transpiled.qasm,osprey.txt,129,525,1798,512,2312,8182,6896,2128,4,14.56625485420227,444472
STOCHASTIC,QASMBench,knn_129_transpiled.qasm,osprey.txt,129,525,1798,512,2413,8365,7079,2189,5,14.802776575088501,446800
STOCHASTIC,QASMBench,knn_129_transpiled.qasm,osprey.txt,129,525,1798,512,2286,8089,6803,2097,6,15.110417366027832,445600
STOCHASTIC,QASMBench,knn_129_transpiled.qasm,osprey.txt,129,525,1798,512,2334,7939,6653,2047,7,14.726197004318237,447452
STOCHASTIC,QASMBench,knn_129_transpiled.qasm,osprey.txt,129,525,1798,512,2350,7882,6596,2028,8,15.142377614974976,444320
STOCHASTIC,QASMBench,knn_129_transpiled.qasm,osprey.txt,129,525,1798,512,2210,7714,6428,1972,9,14.802347660064697,445908
STOCHASTIC,QASMBench,knn_129_transpiled.qasm,osprey.txt,129,525,1798,512,2126,7843,6557,2015,10,14.603593111038208,445168
STOCHASTIC,QASMBench,knn_129_transpiled.qasm,osprey.txt,129,525,1798,512,2187,7810,6524,2004,11,14.971673727035522,443936
STOCHASTIC,QASMBench,knn_129_transpiled.qasm,osprey.txt,129,525,1798,512,2375,8119,6833,2107,12,14.792144298553467,444696
STOCHASTIC,QASMBench,knn_129_transpiled.qasm,osprey.txt,129,525,1798,512,2310,8317,7031,2173,13,14.611482381820679,444972
STOCHASTIC,QASMBench,knn_129_transpiled.qasm,osprey.txt,129,525,1798,512,2192,7864,6578,2022,14,15.066268682479858,444608
STOCHASTIC,QASMBench,knn_129_transpiled.qasm,osprey.txt,129,525,1798,512,2318,8152,6866,2118,15,14.667426824569702,445876
STOCHASTIC,QASMBench,knn_129_transpiled.qasm,osprey.txt,129,525,1798,512,2214,8230,6944,2144,16,15.119233131408691,446472
STOCHASTIC,QASMBench,knn_129_transpiled.qasm,osprey.txt,129,525,1798,512,2437,8368,7082,2190,17,14.996702432632446,444892
STOCHASTIC,QASMBench,knn_129_transpiled.qasm,osprey.txt,129,525,1798,512,2276,8086,6800,2096,18,15.168193578720093,446120
STOCHASTIC,QASMBench,knn_129_transpiled.qasm,osprey.txt,129,525,1798,512,2210,7693,6407,1965,19,14.681813478469849,444144
STOCHASTIC,QASMBench,knn_129_transpiled.qasm,osprey.txt,129,525,1798,512,2252,8251,6965,2151,20,15.031935453414917,445252
STOCHASTIC,QASMBench,knn_129_transpiled.qasm,osprey.txt,129,525,1798,512,2393,8209,6923,2137,21,14.537249565124512,444804
STOCHASTIC,QASMBench,knn_129_transpiled.qasm,osprey.txt,129,525,1798,512,2181,7894,6608,2032,22,14.420446872711182,444944
STOCHASTIC,QASMBench,knn_129_transpiled.qasm,osprey.txt,129,525,1798,512,2249,7894,6608,2032,23,14.852618932723999,444100
STOCHASTIC,QASMBench,knn_129_transpiled.qasm,osprey.txt,129,525,1798,512,2302,8476,7190,2226,24,14.766963243484497,442192
STOCHASTIC,QASMBench,knn_129_transpiled.qasm,osprey.txt,129,525,1798,512,2381,8413,7127,2205,25,14.924940586090088,445824
STOCHASTIC,QASMBench,knn_129_transpiled.qasm,osprey.txt,129,525,1798,512,2326,8473,7187,2225,26,14.928093194961548,446068
STOCHASTIC,QASMBench,knn_129_transpiled.qasm,osprey.txt,129,525,1798,512,2539,8521,7235,2241,27,14.57733678817749,445240
STOCHASTIC,QASMBench,knn_129_transpiled.qasm,osprey.txt,129,525,1798,512,2207,8116,6830,2106,28,14.255104064941406,440912
STOCHASTIC,QASMBench,knn_129_transpiled.qasm,osprey.txt,129,525,1798,512,2621,8662,7376,2288,29,14.425089597702026,446436
STOCHASTIC,QASMBench,knn_341_transpiled.qasm,osprey.txt,341,1373,4766,1360,8049,30071,26665,8435,0,38.121089458465576,789812
STOCHASTIC,QASMBench,knn_341_transpiled.qasm,osprey.txt,341,1373,4766,1360,7823,30152,26746,8462,1,38.332574129104614,791280
STOCHASTIC,QASMBench,knn_341_transpiled.qasm,osprey.txt,341,1373,4766,1360,8164,30722,27316,8652,2,39.491761445999146,788956
STOCHASTIC,QASMBench,knn_341_transpiled.qasm,osprey.txt,341,1373,4766,1360,7842,29801,26395,8345,3,38.24716782569885,789668
STOCHASTIC,QASMBench,knn_341_transpiled.qasm,osprey.txt,341,1373,4766,1360,7766,29897,26491,8377,4,37.55118370056152,789388
STOCHASTIC,QASMBench,knn_341_transpiled.qasm,osprey.txt,341,1373,4766,1360,7735,29441,26035,8225,5,39.31021046638489,789004
STOCHASTIC,QASMBench,knn_341_transpiled.qasm,osprey.txt,341,1373,4766,1360,7882,30092,26686,8442,6,37.58149313926697,788532
STOCHASTIC,QASMBench,knn_341_transpiled.qasm,osprey.txt,341,1373,4766,1360,7992,30344,26938,8526,7,38.64197587966919,789496
STOCHASTIC,QASMBench,knn_341_transpiled.qasm,osprey.txt,341,1373,4766,1360,7697,29327,25921,8187,8,36.85252356529236,789780
STOCHASTIC,QASMBench,knn_341_transpiled.qasm,osprey.txt,341,1373,4766,1360,7723,29858,26452,8364,9,37.16585612297058,789008
STOCHASTIC,QASMBench,knn_341_transpiled.qasm,osprey.txt,341,1373,4766,1360,7716,29750,26344,8328,10,37.951876401901245,791028
STOCHASTIC,QASMBench,knn_341_transpiled.qasm,osprey.txt,341,1373,4766,1360,7548,29372,25966,8202,11,40.00314283370972,789396
STOCHASTIC,QASMBench,knn_341_transpiled.qasm,osprey.txt,341,1373,4766,1360,7892,30038,26632,8424,12,38.29971504211426,788684
STOCHASTIC,QASMBench,knn_341_transpiled.qasm,osprey.txt,341,1373,4766,1360,8132,30527,27121,8587,13,38.00615477561951,789476
STOCHASTIC,QASMBench,knn_341_transpiled.qasm,osprey.txt,341,1373,4766,1360,7906,30323,26917,8519,14,37.84569597244263,791068
STOCHASTIC,QASMBench,knn_341_transpiled.qasm,osprey.txt,341,1373,4766,1360,7783,29774,26368,8336,15,38.60926008224487,790700
STOCHASTIC,QASMBench,knn_341_transpiled.qasm,osprey.txt,341,1373,4766,1360,7815,29609,26203,8281,16,37.22730350494385,789744
STOCHASTIC,QASMBench,knn_341_transpiled.qasm,osprey.txt,341,1373,4766,1360,8049,30431,27025,8555,17,38.08440041542053,791260
STOCHASTIC,QASMBench,knn_341_transpiled.qasm,osprey.txt,341,1373,4766,1360,7596,29762,26356,8332,18,37.59774112701416,790180
STOCHASTIC,QASMBench,knn_341_transpiled.qasm,osprey.txt,341,1373,4766,1360,7992,30416,27010,8550,19,38.45978140830994,791256
STOCHASTIC,QASMBench,knn_341_transpiled.qasm,osprey.txt,341,1373,4766,1360,7886,30476,27070,8570,20,37.69934296607971,790196
STOCHASTIC,QASMBench,knn_341_transpiled.qasm,osprey.txt,341,1373,4766,1360,7859,30257,26851,8497,21,37.96538233757019,789456
STOCHASTIC,QASMBench,knn_341_transpiled.qasm,osprey.txt,341,1373,4766,1360,7959,30113,26707,8449,22,39.726810932159424,791576
STOCHASTIC,QASMBench,knn_341_transpiled.qasm,osprey.txt,341,1373,4766,1360,7863,29636,26230,8290,23,36.89614939689636,789652
STOCHASTIC,QASMBench,knn_341_transpiled.qasm,osprey.txt,341,1373,4766,1360,7901,29933,26527,8389,24,38.01840114593506,791316
STOCHASTIC,QASMBench,knn_341_transpiled.qasm,osprey.txt,341,1373,4766,1360,7756,29426,26020,8220,25,39.57979226112366,790576
STOCHASTIC,QASMBench,knn_341_transpiled.qasm,osprey.txt,341,1373,4766,1360,7711,29630,26224,8288,26,37.951733112335205,789420
STOCHASTIC,QASMBench,knn_341_transpiled.qasm,osprey.txt,341,1373,4766,1360,7803,29849,26443,8361,27,37.922722578048706,789892
STOCHASTIC,QASMBench,knn_341_transpiled.qasm,osprey.txt,341,1373,4766,1360,7570,29396,25990,8210,28,37.20824122428894,789512
STOCHASTIC,QASMBench,knn_341_transpiled.qasm,osprey.txt,341,1373,4766,1360,7666,29363,25957,8199,29,37.56040096282959,789632
STOCHASTIC,QASMBench,adder_n52_transpiled.qasm,sycamore.txt,52,150,493,170,395,1369,1046,292,0,0.4959993362426758,159516
STOCHASTIC,QASMBench,adder_n52_transpiled.qasm,sycamore.txt,52,150,493,170,367,1348,1025,285,1,0.5235614776611328,159516
STOCHASTIC,QASMBench,adder_n52_transpiled.qasm,sycamore.txt,52,150,493,170,317,1249,926,252,2,0.41188597679138184,159852
STOCHASTIC,QASMBench,adder_n52_transpiled.qasm,sycamore.txt,52,150,493,170,373,1309,986,272,3,0.6326174736022949,159380
STOCHASTIC,QASMBench,adder_n52_transpiled.qasm,sycamore.txt,52,150,493,170,415,1399,1076,302,4,0.6364331245422363,159896
STOCHASTIC,QASMBench,adder_n52_transpiled.qasm,sycamore.txt,52,150,493,170,333,1213,890,240,5,0.4814724922180176,159772
STOCHASTIC,QASMBench,adder_n52_transpiled.qasm,sycamore.txt,52,150,493,170,373,1210,887,239,6,0.5159003734588623,159448
STOCHASTIC,QASMBench,adder_n52_transpiled.qasm,sycamore.txt,52,150,493,170,355,1198,875,235,7,0.5391545295715332,159632
STOCHASTIC,QASMBench,adder_n52_transpiled.qasm,sycamore.txt,52,150,493,170,350,1228,905,245,8,0.4778156280517578,159632
STOCHASTIC,QASMBench,adder_n52_transpiled.qasm,sycamore.txt,52,150,493,170,382,1348,1025,285,9,0.5207211971282959,159264
STOCHASTIC,QASMBench,adder_n52_transpiled.qasm,sycamore.txt,52,150,493,170,402,1345,1022,284,10,0.5812013149261475,159380
STOCHASTIC,QASMBench,adder_n52_transpiled.qasm,sycamore.txt,52,150,493,170,399,1420,1097,309,11,0.6019372940063477,159652
STOCHASTIC,QASMBench,adder_n52_transpiled.qasm,sycamore.txt,52,150,493,170,374,1270,947,259,12,0.47264647483825684,159640
STOCHASTIC,QASMBench,adder_n52_transpiled.qasm,sycamore.txt,52,150,493,170,360,1300,977,269,13,0.5031964778900146,159632
STOCHASTIC,QASMBench,adder_n52_transpiled.qasm,sycamore.txt,52,150,493,170,366,1252,929,253,14,0.593109130859375,159508
STOCHASTIC,QASMBench,adder_n52_transpiled.qasm,sycamore.txt,52,150,493,170,396,1450,1127,319,15,0.5517599582672119,159900
STOCHASTIC,QASMBench,adder_n52_transpiled.qasm,sycamore.txt,52,150,493,170,359,1327,1004,278,16,0.5126173496246338,159648
STOCHASTIC,QASMBench,adder_n52_transpiled.qasm,sycamore.txt,52,150,493,170,359,1261,938,256,17,0.5101044178009033,159640
STOCHASTIC,QASMBench,adder_n52_transpiled.qasm,sycamore.txt,52,150,493,170,370,1357,1034,288,18,0.49356532096862793,159748
STOCHASTIC,QASMBench,adder_n52_transpiled.qasm,sycamore.txt,52,150,493,170,390,1336,1013,281,19,0.510033369064331,159648
STOCHASTIC,QASMBench,adder_n52_transpiled.qasm,sycamore.txt,52,150,493,170,360,1261,938,256,20,0.46051549911499023,159900
STOCHASTIC,QASMBench,adder_n52_transpiled.qasm,sycamore.txt,52,150,493,170,395,1378,1055,295,21,0.5117518901824951,159516
STOCHASTIC,QASMBench,adder_n52_transpiled.qasm,sycamore.txt,52,150,493,170,406,1315,992,274,22,0.5310022830963135,159884
STOCHASTIC,QASMBench,adder_n52_transpiled.qasm,sycamore.txt,52,150,493,170,369,1231,908,246,23,0.4557652473449707,159888
STOCHASTIC,QASMBench,adder_n52_transpiled.qasm,sycamore.txt,52,150,493,170,370,1339,1016,282,24,0.5454308986663818,159512
STOCHASTIC,QASMBench,adder_n52_transpiled.qasm,sycamore.txt,52,150,493,170,385,1333,1010,280,25,0.5600621700286865,159636
STOCHASTIC,QASMBench,adder_n52_transpiled.qasm,sycamore.txt,52,150,493,170,359,1288,965,265,26,0.5320918560028076,159620
STOCHASTIC,QASMBench,adder_n52_transpiled.qasm,sycamore.txt,52,150,493,170,339,1279,956,262,27,0.43152928352355957,159772
STOCHASTIC,QASMBench,adder_n52_transpiled.qasm,sycamore.txt,52,150,493,170,383,1345,1022,284,28,0.466310977935791,160156
STOCHASTIC,QASMBench,adder_n52_transpiled.qasm,sycamore.txt,52,150,493,170,353,1216,893,241,29,0.4174513816833496,159384
STOCHASTIC,QASMBench,multiplier_n45_transpiled.qasm,sycamore.txt,45,2440,5571,2286,5545,13218,9933,2549,0,6.613337278366089,269144
STOCHASTIC,QASMBench,multiplier_n45_transpiled.qasm,sycamore.txt,45,2440,5571,2286,5733,13752,10467,2727,1,7.039165019989014,268884
STOCHASTIC,QASMBench,multiplier_n45_transpiled.qasm,sycamore.txt,45,2440,5571,2286,5720,13803,10518,2744,2,6.62966513633728,269652
STOCHASTIC,QASMBench,multiplier_n45_transpiled.qasm,sycamore.txt,45,2440,5571,2286,5830,13926,10641,2785,3,6.893910884857178,269144
STOCHASTIC,QASMBench,multiplier_n45_transpiled.qasm,sycamore.txt,45,2440,5571,2286,6017,14109,10824,2846,4,6.690314054489136,269628
STOCHASTIC,QASMBench,multiplier_n45_transpiled.qasm,sycamore.txt,45,2440,5571,2286,5316,12873,9588,2434,5,6.437578916549683,269632
STOCHASTIC,QASMBench,multiplier_n45_transpiled.qasm,sycamore.txt,45,2440,5571,2286,5385,12873,9588,2434,6,6.412140846252441,268884
STOCHASTIC,QASMBench,multiplier_n45_transpiled.qasm,sycamore.txt,45,2440,5571,2286,5685,13746,10461,2725,7,6.82760214805603,269636
STOCHASTIC,QASMBench,multiplier_n45_transpiled.qasm,sycamore.txt,45,2440,5571,2286,5499,13143,9858,2524,8,6.737598419189453,269400
STOCHASTIC,QASMBench,multiplier_n45_transpiled.qasm,sycamore.txt,45,2440,5571,2286,5393,12846,9561,2425,9,6.379232168197632,269236
STOCHASTIC,QASMBench,multiplier_n45_transpiled.qasm,sycamore.txt,45,2440,5571,2286,5579,13392,10107,2607,10,6.58751106262207,268884
STOCHASTIC,QASMBench,multiplier_n45_transpiled.qasm,sycamore.txt,45,2440,5571,2286,5544,13473,10188,2634,11,6.813774585723877,269380
STOCHASTIC,QASMBench,multiplier_n45_transpiled.qasm,sycamore.txt,45,2440,5571,2286,5788,13869,10584,2766,12,6.5942840576171875,269372
STOCHASTIC,QASMBench,multiplier_n45_transpiled.qasm,sycamore.txt,45,2440,5571,2286,5415,13257,9972,2562,13,6.811466217041016,269768
STOCHASTIC,QASMBench,multiplier_n45_transpiled.qasm,sycamore.txt,45,2440,5571,2286,5579,13440,10155,2623,14,6.608578205108643,269124
STOCHASTIC,QASMBench,multiplier_n45_transpiled.qasm,sycamore.txt,45,2440,5571,2286,5517,13362,10077,2597,15,6.825477123260498,269396
STOCHASTIC,QASMBench,multiplier_n45_transpiled.qasm,sycamore.txt,45,2440,5571,2286,5614,13500,10215,2643,16,6.5876641273498535,269720
STOCHASTIC,QASMBench,multiplier_n45_transpiled.qasm,sycamore.txt,45,2440,5571,2286,5817,13968,10683,2799,17,6.600801467895508,269124
STOCHASTIC,QASMBench,multiplier_n45_transpiled.qasm,sycamore.txt,45,2440,5571,2286,5574,13380,10095,2603,18,6.650117635726929,269904
STOCHASTIC,QASMBench,multiplier_n45_transpiled.qasm,sycamore.txt,45,2440,5571,2286,5759,13887,10602,2772,19,6.684805393218994,269632
STOCHASTIC,QASMBench,multiplier_n45_transpiled.qasm,sycamore.txt,45,2440,5571,2286,5482,12906,9621,2445,20,6.614397764205933,269632
STOCHASTIC,QASMBench,multiplier_n45_transpiled.qasm,sycamore.txt,45,2440,5571,2286,5281,12747,9462,2392,21,6.560380935668945,269640
STOCHASTIC,QASMBench,multiplier_n45_transpiled.qasm,sycamore.txt,45,2440,5571,2286,5666,13683,10398,2704,22,6.7506115436553955,269116
STOCHASTIC,QASMBench,multiplier_n45_transpiled.qasm,sycamore.txt,45,2440,5571,2286,5573,13536,10251,2655,23,6.5269739627838135,268888
STOCHASTIC,QASMBench,multiplier_n45_transpiled.qasm,sycamore.txt,45,2440,5571,2286,5607,13461,10176,2630,24,6.640536546707153,269376
STOCHASTIC,QASMBench,multiplier_n45_transpiled.qasm,sycamore.txt,45,2440,5571,2286,5832,14169,10884,2866,25,6.90057635307312,269628
STOCHASTIC,QASMBench,multiplier_n45_transpiled.qasm,sycamore.txt,45,2440,5571,2286,5577,13473,10188,2634,26,6.541889190673828,269116
STOCHASTIC,QASMBench,multiplier_n45_transpiled.qasm,sycamore.txt,45,2440,5571,2286,5834,14121,10836,2850,27,6.784893035888672,268864
STOCHASTIC,QASMBench,multiplier_n45_transpiled.qasm,sycamore.txt,45,2440,5571,2286,5424,13062,9777,2497,28,6.398684024810791,268864
STOCHASTIC,QASMBench,multiplier_n45_transpiled.qasm,sycamore.txt,45,2440,5571,2286,5514,13545,10260,2658,29,6.757433891296387,268620
STOCHASTIC,QASMBench,knn_n41_transpiled.qasm,sycamore.txt,41,173,566,160,372,1079,673,171,0,0.46935057640075684,160668
STOCHASTIC,QASMBench,knn_n41_transpiled.qasm,sycamore.txt,41,173,566,160,480,1400,994,278,1,0.5912115573883057,160680
STOCHASTIC,QASMBench,knn_n41_transpiled.qasm,sycamore.txt,41,173,566,160,382,1100,694,178,2,0.47037434577941895,160676
STOCHASTIC,QASMBench,knn_n41_transpiled.qasm,sycamore.txt,41,173,566,160,513,1502,1096,312,3,0.5751297473907471,160936
STOCHASTIC,QASMBench,knn_n41_transpiled.qasm,sycamore.txt,41,173,566,160,502,1424,1018,286,4,0.5685698986053467,160944
STOCHASTIC,QASMBench,knn_n41_transpiled.qasm,sycamore.txt,41,173,566,160,406,1145,739,193,5,0.46087002754211426,160532
STOCHASTIC,QASMBench,knn_n41_transpiled.qasm,sycamore.txt,41,173,566,160,437,1325,919,253,6,0.49490785598754883,160940
STOCHASTIC,QASMBench,knn_n41_transpiled.qasm,sycamore.txt,41,173,566,160,443,1379,973,271,7,0.576230525970459,160772
STOCHASTIC,QASMBench,knn_n41_transpiled.qasm,sycamore.txt,41,173,566,160,473,1418,1012,284,8,0.5625202655792236,160936
STOCHASTIC,QASMBench,knn_n41_transpiled.qasm,sycamore.txt,41,173,566,160,480,1355,949,263,9,0.5781447887420654,160680
STOCHASTIC,QASMBench,knn_n41_transpiled.qasm,sycamore.txt,41,173,566,160,493,1397,991,277,10,0.5617594718933105,161192
STOCHASTIC,QASMBench,knn_n41_transpiled.qasm,sycamore.txt,41,173,566,160,451,1403,997,279,11,0.5704452991485596,160468
STOCHASTIC,QASMBench,knn_n41_transpiled.qasm,sycamore.txt,41,173,566,160,424,1307,901,247,12,0.547518253326416,160932
STOCHASTIC,QASMBench,knn_n41_transpiled.qasm,sycamore.txt,41,173,566,160,472,1373,967,269,13,0.572838544845581,160424
STOCHASTIC,QASMBench,knn_n41_transpiled.qasm,sycamore.txt,41,173,566,160,450,1325,919,253,14,0.6231532096862793,160676
STOCHASTIC,QASMBench,knn_n41_transpiled.qasm,sycamore.txt,41,173,566,160,478,1343,937,259,15,0.5823235511779785,160556
STOCHASTIC,QASMBench,knn_n41_transpiled.qasm,sycamore.txt,41,173,566,160,487,1391,985,275,16,0.5484788417816162,160524
STOCHASTIC,QASMBench,knn_n41_transpiled.qasm,sycamore.txt,41,173,566,160,453,1355,949,263,17,0.5290236473083496,160672
STOCHASTIC,QASMBench,knn_n41_transpiled.qasm,sycamore.txt,41,173,566,160,458,1313,907,249,18,0.4916260242462158,160420
STOCHASTIC,QASMBench,knn_n41_transpiled.qasm,sycamore.txt,41,173,566,160,445,1322,916,252,19,0.5386872291564941,160420
STOCHASTIC,QASMBench,knn_n41_transpiled.qasm,sycamore.txt,41,173,566,160,433,1190,784,208,20,0.516122579574585,160672
STOCHASTIC,QASMBench,knn_n41_transpiled.qasm,sycamore.txt,41,173,566,160,470,1400,994,278,21,0.5284318923950195,160504
STOCHASTIC,QASMBench,knn_n41_transpiled.qasm,sycamore.txt,41,173,566,160,500,1382,976,272,22,0.5533807277679443,160684
STOCHASTIC,QASMBench,knn_n41_transpiled.qasm,sycamore.txt,41,173,566,160,377,1076,670,170,23,0.4426090717315674,160736
STOCHASTIC,QASMBench,knn_n41_transpiled.qasm,sycamore.txt,41,173,566,160,486,1400,994,278,24,0.5430042743682861,160760
STOCHASTIC,QASMBench,knn_n41_transpiled.qasm,sycamore.txt,41,173,566,160,473,1376,970,270,25,0.529550313949585,160776
STOCHASTIC,QASMBench,knn_n41_transpiled.qasm,sycamore.txt,41,173,566,160,482,1385,979,273,26,0.5567381381988525,161292
STOCHASTIC,QASMBench,knn_n41_transpiled.qasm,sycamore.txt,41,173,566,160,462,1427,1021,287,27,0.5582249164581299,160960
STOCHASTIC,QASMBench,knn_n41_transpiled.qasm,sycamore.txt,41,173,566,160,501,1439,1033,291,28,0.512279748916626,160788
STOCHASTIC,QASMBench,knn_n41_transpiled.qasm,sycamore.txt,41,173,566,160,484,1406,1000,280,29,0.5336923599243164,160680
STOCHASTIC,Qiskit,qiskit_lib_10.qasm,condor.txt,10,461,1144,580,1034,2677,2113,511,0,79.5704345976,1117252
STOCHASTIC,Qiskit,qiskit_lib_20.qasm,condor.txt,20,991,3964,2190,3695,14218,12444,3418,0,775.6870700406001,1659868
STOCHASTIC,Qiskit,qiskit_lib_30.qasm,condor.txt,30,1521,8384,4800,8617,39698,36114,10438,0,2322.497975037,2201912
STOCHASTIC,Qiskit,qiskit_lib_40.qasm,condor.txt,40,2051,14404,8410,13838,76216,70222,20604,0,4590.6760027499995,2731648
STOCHASTIC,Qiskit,qiskit_lib_50.qasm,condor.txt,50,2581,21574,12840,18141,118147,109413,32191,0,6608.512360527601,3291516
STOCHASTIC,Qiskit,qiskit_lib_60.qasm,condor.txt,60,3111,29344,17870,22960,170854,159380,47170,0,9381.1038723186,3838736
